type,tier,brand,model,storage,shop,area,price,old_price,offer,in_stock,whatsapp,phone,map_url,updated,image,ram,display,camera,battery,chipset,youtube,url
Accessory,Mid-Range,Sonos,ARC Wall Bracket,,Chordz,Online store,249,359,,Yes,,,,2026-09-26,,,,,,,,https://chordz.shop/products/sonos-arc-wall-bracket
Accessory,Flagship,Sonos,Arc Ultra Mount Set,,Chordz,Online store,5299,,,No,,,,2026-09-26,,,,,,,,https://chordz.shop/products/arc-ultra-mount-set
Accessory,Mid-Range,Sonos,Arc Ultra Wall Mount,,Chordz,Online store,399,,,No,,,,2026-09-26,,,,,,,,https://chordz.shop/products/sonos-arc-ultra-wall-mount
Accessory,Flagship,Sonos,Era 100 Stand,,Chordz,Online store,709,,,No,,,,2026-09-26,,,,,,,,https://chordz.shop/products/sonos-era-100-stand
Accessory,Mid-Range,Sonos,Era 100 Wall Mount,,Chordz,Online store,399,,,No,,,,2026-09-26,,,,,,,,https://chordz.shop/products/sonos-era-100-wall-mount
Accessory,Flagship,Sonos,Era 300 Stand,,Chordz,Online store,749,,,Yes,,,,2026-09-26,,,,,,,,https://chordz.shop/products/sonos-era-300-stand
Accessory,Flagship,Sonos,Era 300 Wall Mount,,Chordz,Online store,449,,,Yes,,,,2026-09-26,,,,,,,,https://chordz.shop/products/sonos-era-300-wall-mount
Accessory,Mid-Range,Sonos,Move Travel Bag,,Chordz,Online store,399,,,No,,,,2026-09-26,,,,,,,,https://chordz.shop/products/sonos-move-travel-bag
Accessory,Mid-Range,Sonos,Move Wall Hook,,Chordz,Online store,159,,,No,,,,2026-09-26,,,,,,,,https://chordz.shop/products/sonos-move-wall-hook
Camera,Budget,Sony,2x Teleconverter Lens,,Sony World,Online store,2199,,,Yes,,,,2026-09-26,,,,,,,,https://sonyworld.qa/products/sony-2x-teleconverter-lens
Camera,Mid-Range,Sony,Alpha 6700 ILCE-6700 Premium E-mount APS-C Camera,Body Only,Sony World,Online store,5299,5799,,Yes,,,,2026-09-26,,,,,,,,https://sonyworld.qa/products/sony-alpha-6700-ilce-6700-premium-e-mount-aps-c-camera
Camera,Mid-Range,Sony,Alpha 6700 ILCE-6700 Premium E-mount APS-C Camera,Body+16-50 Kit Lens,Sony World,Online store,5699,6199,,No,,,,2026-09-26,,,,,,,,https://sonyworld.qa/products/sony-alpha-6700-ilce-6700-premium-e-mount-aps-c-camera
Camera,Mid-Range,Sony,Alpha 6700 ILCE-6700 Premium E-mount APS-C Camera,Body+18-135 Kit Lens,Sony World,Online store,6699,7199,,No,,,,2026-09-26,,,,,,,,https://sonyworld.qa/products/sony-alpha-6700-ilce-6700-premium-e-mount-aps-c-camera
Camera,Mid-Range,Sony,Alpha 7CII ILCE-7CM2,Body,Sony World,Online store,6999,7699,,Yes,,,,2026-09-26,,,,,,,,https://sonyworld.qa/products/sony-alpha-7cii-ilce-7cm2-versatile-compact-full-frame-camera
Camera,Flagship,Sony,Alpha 7CII ILCE-7CM2,Body+SEL2860 Kit Lens,Sony World,Online store,8599,9499,,Yes,,,,2026-09-26,,,,,,,,https://sonyworld.qa/products/sony-alpha-7cii-ilce-7cm2-versatile-compact-full-frame-camera
Camera,Flagship,Sony,Alpha 7CR ILCE-7CR,Body,Sony World,Online store,9999,11999,,Yes,,,,2026-09-26,,,,,,,,https://sonyworld.qa/products/sony-alpha-7cr-ilce-7cr-high-resolution-compact-full-frame-camera
Camera,Flagship,Sony,Alpha ILCE-A9 M3 Full-Frame Camera With Global Shutter System,,Sony World,Online store,22499,23999,,Yes,,,,2026-09-26,,,,,,,,https://sonyworld.qa/products/sony-alpha-9-iii-full-frame-camera-with-global-shutter-system
Camera,Budget,Sony,FE 20mm F1.8 G,,Sony World,Online store,2899,3099,,Yes,,,,2026-09-26,,,,,,,,https://sonyworld.qa/products/sony-fe-20mm-f-1-8-g-lens
Camera,Budget,Sony,FE 20–70 mm F4 G,,Sony World,Online store,3999,4199,,Yes,,,,2026-09-26,,,,,,,,https://sonyworld.qa/products/sony-fe-20-70-mm-f4-g
Camera,Mid-Range,Sony,FE 50mm F1.2 GM,,Sony World,Online store,6899,7299,,Yes,,,,2026-09-26,,,,,,,,https://sonyworld.qa/products/sony-fe-50mm-f-1-2-gm-lens
Camera,Flagship,Sony,ILCE-1 Alpha 1 Mirrorless Camera,,Sony World,Online store,19999,,,Yes,,,,2026-09-26,,,,,,,,https://sonyworld.qa/products/sony-ilce-1-alpha-1-mirrorless-camera
Camera,Budget,Sony,ILCE-6400 Alpha 6400 E-mount camera with APS-C Sensor,Body+16-50mm Power Zoom Lens,Sony World,Online store,3599,4099,,Yes,,,,2026-09-26,,,,,,,,https://sonyworld.qa/products/sony-alpha-6400-e-mount-camera-with-aps-c-sensor
Camera,Mid-Range,Sony,ILCE-7M3 Alpha 7 III with 35mm full-frame image sensor,Body Only,Sony World,Online store,5699,,,Yes,,,,2026-09-26,,,,,,,,https://sonyworld.qa/products/sony-a7-iii-alpha-mirrorless-digital-camera-with-35mm-full-frame-image-sensor
Camera,Mid-Range,Sony,ILCE-7M3 Alpha 7 III with 35mm full-frame image sensor,Body+28-70mm Zoom Lens,Sony World,Online store,6999,7999,,Yes,,,,2026-09-26,,,,,,,,https://sonyworld.qa/products/sony-a7-iii-alpha-mirrorless-digital-camera-with-35mm-full-frame-image-sensor
Camera,Flagship,Sony,ILCE-7M4 Alpha a7 IV Mirrorless Digital Camera,Body + 28-70mm Zoom Lens,Sony World,Online store,10199,10699,,Yes,,,,2026-09-26,,,,,,,,https://sonyworld.qa/products/sony-alpha-a7-iv-mirrorless-digital-camera-body-only
Camera,Flagship,Sony,ILCE-7M4 Alpha a7 IV Mirrorless Digital Camera,Body Only,Sony World,Online store,8069,,,Yes,,,,2026-09-26,,,,,,,,https://sonyworld.qa/products/sony-alpha-a7-iv-mirrorless-digital-camera-body-only
Camera,Flagship,Sony,ILCE-7SM3 Alpha 7S III with pro movie still capability,,Sony World,Online store,11599,13999,,Yes,,,,2026-09-26,,,,,,,,https://sonyworld.qa/products/sony-alpha-a7s-iii-mirrorless-digital-camera
Camera,Flagship,Sony,ILCE-9M2 Alpha 9 II full-frame camera with pro capability,,Sony World,Online store,8999,,,Yes,,,,2026-09-26,,,,,,,,https://sonyworld.qa/products/sony-alpha-a9-ii-mirrorless-digital-camera-body-only
Camera,Mid-Range,Sony,ILME-FX30 Compact Cinema Line Gateway Camera,Body Only,Sony World,Online store,7299,,,Yes,,,,2026-09-26,,,,,,,,https://sonyworld.qa/products/sony-ilme-fx30-compact-cinema-line-gateway-camera
Camera,Flagship,Sony,ILME-FX30 Compact Cinema Line Gateway Camera,Body with XLR Handle,Sony World,Online store,8999,,,Yes,,,,2026-09-26,,,,,,,,https://sonyworld.qa/products/sony-ilme-fx30-compact-cinema-line-gateway-camera
Camera,Flagship,Sony,ILME-FX6V Cinema Line FX6 Camera,,Sony World,Online store,24499,25499,,Yes,,,,2026-09-26,,,,,,,,https://sonyworld.qa/products/sony-ilme-fx6v-cinema-line-fx6-camera
Camera,Budget,Sony,SEL-11F18E 11mm F1.8 Lens,,Sony World,Online store,1799,1899,,Yes,,,,2026-09-26,,,,,,,,https://sonyworld.qa/products/sony-sel-11f18e-11mm-f1-8-lens
Camera,Mid-Range,Sony,SEL-14F18GM FE 14mm f 1.8 G Master Lens,,Sony World,Online store,5099,5499,,Yes,,,,2026-09-26,,,,,,,,https://sonyworld.qa/products/sony-sel-14f18gm-fe-14mm-f-1-8-g-master-lens
Camera,Flagship,Sony,SEL-1635GM2 FE 16-35mm F2.8 G Master Full-Frame Wide Zoom Lens,,Sony World,Online store,8399,8799,,Yes,,,,2026-09-26,,,,,,,,https://sonyworld.qa/products/sony-sel1635gm2-fe-16-35mm-f2-8-g-master-full-frame-wide-zoom-lens
Camera,Mid-Range,Sony,SEL-70200G2,,Sony World,Online store,6199,6399,,Yes,,,,2026-09-26,,,,,,,,https://sonyworld.qa/products/sony-sel-70200g2-fe-70-200mm-f4-macro-g-oss-ii-lens
Camera,Flagship,Sony,SEL-70200GM2 Lens FE 70–200 mm F2.8 GM OSS II,,Sony World,Online store,10599,10999,,Yes,,,,2026-09-26,,,,,,,,https://sonyworld.qa/products/sony-lens-fe-70-200-mm-f2-8-gm-oss-ii
Camera,Flagship,Sony,SEL1224GM FE 12-24mm F2.8 GM,,Sony World,Online store,10599,10999,,Yes,,,,2026-09-26,,,,,,,,https://sonyworld.qa/products/sony-fe-12-24mm-f2-8-gm
Camera,Budget,Sony,SEL14TC 1.4x Teleconverter Lens,,Sony World,Online store,1799,2199,,Yes,,,,2026-09-26,,,,,,,,https://sonyworld.qa/products/sony-sel14tc-1-4x-teleconverter-lens
Camera,Mid-Range,Sony,SEL1635GM FE 16-35mm F2.8 GM,,Sony World,Online store,6899,7299,,Yes,,,,2026-09-26,,,,,,,,https://sonyworld.qa/products/sony-fe-16-35mm-f2-8-gm
Camera,Mid-Range,Sony,SEL200600G FE 200-600mm F5.6-6.3 G OSS,,Sony World,Online store,6899,7099,,Yes,,,,2026-09-26,,,,,,,,https://sonyworld.qa/products/sony-sel200600g-fe-200-600mm-f5-6-6-3-g-oss
Camera,Mid-Range,Sony,SEL24105G FE 24-105mm F4 G OSS Lens,,Sony World,Online store,4399,4599,,Yes,,,,2026-09-26,,,,,,,,https://sonyworld.qa/products/sony-sel24105g-fe-24-105mm-f4-g-oss-lens
Camera,Mid-Range,Sony,SEL2470GM2 FE 24-70mm F2.8 GM II,,Sony World,Online store,7499,7899,,Yes,,,,2026-09-26,,,,,,,,https://sonyworld.qa/products/sony-sel2470gm2-fe-24-70mm-f2-8-gm-ii
Camera,Mid-Range,Sony,SEL24F14GM FE 24mm F1.4 GM,,Sony World,Online store,4799,5199,,Yes,,,,2026-09-26,,,,,,,,https://sonyworld.qa/products/sony-sel24f14gm-fe-24mm-f1-4-gm
Camera,Mid-Range,Sony,SEL35F14GM FE 35mm F1.4 GM,,Sony World,Online store,4799,5199,,Yes,,,,2026-09-26,,,,,,,,https://sonyworld.qa/products/sony-sel35f14gm-fe-35mm-f1-4-gm
Camera,Budget,Sony,SEL35F18F FE 35mm f 1.8 Lens,,Sony World,Online store,2399,2599,,Yes,,,,2026-09-26,,,,,,,,https://sonyworld.qa/products/sony-sel35f18f-fe-35mm-f-1-8-lens
Camera,Low End,Sony,SEL50F18F FE 50mm F1.8,,Sony World,Online store,729,829,,Yes,,,,2026-09-26,,,,,,,,https://sonyworld.qa/products/sony-sel50f18f-fe-50mm-f1-8
Camera,Mid-Range,Sony,SEL70200GM FE 70-200mm F2.8 GM OSS,,Sony World,Online store,7699,8099,,Yes,,,,2026-09-26,,,,,,,,https://sonyworld.qa/products/sony-sel70200gm-fe-70-200mm-f2-8-gm-oss
Camera,Mid-Range,Sony,SEL85F14GM FE 85mm F1.4 GM,,Sony World,Online store,5399,,,Yes,,,,2026-09-26,,,,,,,,https://sonyworld.qa/products/sony-sel85f14gm-fe-85mm-f1-4-gm
Camera,Budget,Sony,SEL85F18 FE 85mm F1.8,,Sony World,Online store,1999,2099,,Yes,,,,2026-09-26,,,,,,,,https://sonyworld.qa/products/sony-sel85f18-fe-85mm-f1-8
Camera,Budget,Sony,SEL90M28G FE 90mm F2.8 Macro G OSS,,Sony World,Online store,3699,3899,,Yes,,,,2026-09-26,,,,,,,,https://sonyworld.qa/products/sony-sel90m28g-fe-90mm-f2-8-macro-g-oss
Camera,Budget,Sony,SELP-1020G E PZ 10-20mm F4 G Lens,,Sony World,Online store,2399,2599,,Yes,,,,2026-09-26,,,,,,,,https://sonyworld.qa/products/sony-selp-1020g-e-pz-10-20mm-f4-g-lens
Camera,Budget,Sony,SELP1635G FE PZ 16-35mm F4 G,,Sony World,Online store,3999,4199,,Yes,,,,2026-09-26,,,,,,,,https://sonyworld.qa/products/sony-selp1635g-fe-pz-16-35mm-f4-g
Earbuds,Mid-Range,Bose,Quietcomfort Earbuds,,iConnect Qatar,Online store,719,729,,No,,,,2026-09-26,,,,,,,,https://iconnectqatar.com/products/bose-quietcomfort-earbuds-price-in-qatar-twilight-blue
Earbuds,Mid-Range,Bose,Quietcomfort Ultra Earbuds,,iConnect Qatar,Online store,699,1199,,Yes,,,,2026-09-26,,,,,,,,https://iconnectqatar.com/products/bose-quietcomfort-ultra-earbuds-white-smoke
Earbuds,Mid-Range,Bose,Quietcomfort Ultra Earbuds IPX4 Water Resistant,,iConnect Qatar,Online store,699,1199,,Yes,,,,2026-09-26,,,,,,,,https://iconnectqatar.com/products/bose-quietcomfort-ultra-earbuds-black
Earbuds,Mid-Range,Bose,Ultra Open Earbuds,,iConnect Qatar,Online store,699,1199,,Yes,,,,2026-09-26,,,,,,,,https://iconnectqatar.com/products/bose-ultra-open-earbuds-white-smoke
Earbuds,Mid-Range,Marshall,Minor III True Wireless Headphones,,TechBay Qatar,Online store,499,,,No,,,,2026-09-26,,,,,,,,https://techbayqatar.com/products/marshall-minor-iii-true-wireless-headphones-black
Earbuds,Mid-Range,Marshall,Minor IV True Wireless Earbuds,,TechBay Qatar,Online store,599,,,No,,,,2026-09-26,,,,,,,,https://techbayqatar.com/products/marshall-minor-iv-true-wireless-earbuds-black
Headphones,Flagship,Bose,Quiet Comfort Headphone,,iConnect Qatar,Online store,1279,1299,,Yes,,,,2026-09-26,,,,,,,,https://iconnectqatar.com/products/bose-quiet-comfort-headphone-black
Headphones,Flagship,Bose,QuietComfort Headphone,,iConnect Qatar,Online store,1279,1299,,No,,,,2026-09-26,,,,,,,,https://iconnectqatar.com/products/bose-quietcomfort-headphone-moonlight-grey
Headphones,Flagship,Bose,QuietComfort Ultra Headphone,,iConnect Qatar,Online store,1649,1699,,Yes,,,,2026-09-26,,,,,,,,https://iconnectqatar.com/products/bose-quietcomfort-ultra-headphone-gen-2-qatar-white
Headphones,Mid-Range,Bose,QuietComfort Wireless Headphone,,iConnect Qatar,Online store,699,999,,No,,,,2026-09-26,,,,,,,,https://iconnectqatar.com/products/bose-quietcomfort-wireless-headphones-anc-blue-dusk
Headphones,Mid-Range,Bose,Quietcomfort Sc Wireless Headphone Anc,,iConnect Qatar,Online store,679,799,,No,,,,2026-09-26,,,,,,,,https://iconnectqatar.com/products/bose-quietcomfort-sc-wireless-headphone-anc-black
Headphones,Flagship,Bose,Quietcomfort Ultra Wireless Headphone Anc,,iConnect Qatar,Online store,1299,1399,,Yes,,,,2026-09-26,,,,,,,,https://iconnectqatar.com/products/bose-quietcomfort-ultra-wireless-headphone-anc-lunar-blue
Headphones,Mid-Range,Bose,Quietcomfort Wireless Headphones Anc,,iConnect Qatar,Online store,699,999,,Yes,,,,2026-09-26,,,,,,,,https://iconnectqatar.com/products/bose-quietcomfort-wireless-headphones-anc-smoke-white
Headphones,Budget,Marshall,MAJOR V Wireless Head Phone,,TechBay Qatar,Online store,549,,,No,,,,2026-09-26,,,,,,,,https://techbayqatar.com/products/marshall-major-v-bt-headphones-cream
Headphones,Budget,Marshall,Major IV Black On-Ear Headphone,,TechBay Qatar,Online store,519,,,No,,,,2026-09-26,,,,,,,,https://techbayqatar.com/products/marshall-major-iv-black-on-ear-headphone
Headphones,Budget,Marshall,Major IV Brown Wireless Bluetooth Headphones,,TechBay Qatar,Online store,519,,,No,,,,2026-09-26,,,,,,,,https://techbayqatar.com/products/marshall-major-iv-brown-wireless-bluetooth-headphones
Headphones,Budget,Marshall,Major V Overhead Headset Black,,TechBay Qatar,Online store,549,,,No,,,,2026-09-26,,,,,,,,https://techbayqatar.com/products/marshall-major-v-overhead-headset-black
Headphones,Flagship,Sonos,ACE Pair,,Chordz,Online store,3328,3698,,Yes,,,,2026-09-26,,,,,,,,https://chordz.shop/products/sonos-ace-pair
Headphones,Flagship,Sonos,Ace,,Chordz,Online store,1849,,,Yes,,,,2026-09-26,,,,,,,,https://chordz.shop/products/sonos-ace
Phone,Mid-Range,Apple,iPhone 11,128GB,Digital Zone,Online store,1499,,,No,,,,2026-09-26,,,,,,,,https://digitalzone.qa/products/apple-iphone-11-128gb-white
Phone,Mid-Range,Apple,iPhone 11,128GB,iConnect Qatar,Online store,1329,1499,,No,,,,2026-09-26,,4GB,,,,,,https://iconnectqatar.com/products/apple-iphone-11-4gb-128gb-black
Phone,Mid-Range,Apple,iPhone 11,256GB,iConnect Qatar,Online store,1449,1499,,No,,,,2026-09-26,,4GB,,,,,,https://iconnectqatar.com/products/apple-iphone-12-4gb-256gb-red
Phone,Mid-Range,Apple,iPhone 12,64GB,iConnect Qatar,Online store,1499,1599,,Yes,,,,2026-09-26,,,,,,,,https://iconnectqatar.com/products/apple-iphone-12-price-in-qatar-64gb-green
Phone,Mid-Range,Apple,iPhone 12 Pro,128GB,iConnect Qatar,Online store,1599,2099,,No,,,,2026-09-26,,6GB,,,,,,https://iconnectqatar.com/products/apple-iphone-12-pro-6gb-128gb-silver
Phone,Mid-Range,Apple,iPhone 12 Pro,256GB,iConnect Qatar,Online store,1549,2249,,No,,,,2026-09-26,,6GB,,,,,,https://iconnectqatar.com/products/apple-iphone-12-pro-6gb-256gb-graphite
Phone,Mid-Range,Apple,iPhone 12 Pro Max,256GB,iConnect Qatar,Online store,2059,2399,,No,,,,2026-09-26,,6GB,,,,,,https://iconnectqatar.com/products/apple-iphone-12-pro-max-6gb-256gb-graphite
Phone,Mid-Range,Apple,iPhone 12 Pro Max,512GB,iConnect Qatar,Online store,2039,2699,,Yes,,,,2026-09-26,,6GB,,,,,,https://iconnectqatar.com/products/apple-iphone-12-pro-max-6gb-512gb-graphite
Phone,Mid-Range,Apple,iPhone 13,128GB,Digital Zone,Online store,2149,,,No,,,,2026-09-26,,4GB,,,,,,https://digitalzone.qa/products/apple-iphone-13-5g-4gb-128gb
Phone,Mid-Range,Apple,iPhone 13,128GB,iConnect Qatar,Online store,1609,1799,,No,,,,2026-09-26,,4GB,,,,,,https://iconnectqatar.com/products/apple-iphone-13-128gb-starlight-price-in-qatar
Phone,Mid-Range,Apple,iPhone 13 Pro,256GB,iConnect Qatar,Online store,1929,2399,,Yes,,,,2026-09-26,,6GB,,,,,,https://iconnectqatar.com/products/apple-iphone-13-pro-6gb-256gb-graphite
Phone,Mid-Range,Apple,iPhone 13 Pro,512GB,iConnect Qatar,Online store,2179,2499,,Yes,,,,2026-09-26,,6GB,,,,,,https://iconnectqatar.com/products/apple-iphone-13-pro-6gb-512gb
Phone,Flagship,Apple,iPhone 13 Pro Max,1TB,iConnect Qatar,Online store,2799,2999,,Yes,,,,2026-09-26,,,,,,,,https://iconnectqatar.com/products/apple-iphone-13-pro-max-1tb-gold
Phone,Mid-Range,Apple,iPhone 13 Pro Max,256GB,iConnect Qatar,Online store,2399,2999,,No,,,,2026-09-26,,6GB,,,,,,https://iconnectqatar.com/products/apple-iphone-13-pro-max-6gb-256gb-graphite
Phone,Flagship,Apple,iPhone 13 Pro Max - Alpine Green,512GB,iConnect Qatar,Online store,2599,3099,,No,,,,2026-09-26,,6GB,,,,,,https://iconnectqatar.com/products/apple-iphone-13-pro-max-6gb-512gb-alpine-green
Phone,Flagship,Apple,iPhone 13 Pro Max - Gold,512GB,iConnect Qatar,Online store,2599,3099,,No,,,,2026-09-26,,6GB,,,,,,https://iconnectqatar.com/products/apple-iphone-13-pro-6gb-512gb-gold
Phone,Flagship,Apple,iPhone 13 Pro Max - Sierra Blue,512GB,iConnect Qatar,Online store,2599,3099,,No,,,,2026-09-26,,6GB,,,,,,https://iconnectqatar.com/products/apple-iphone-13-pro-max-6gb-512gb-sierra-blue-refurbished
Phone,Flagship,Apple,iPhone 13 Pro Max - Silver,512GB,iConnect Qatar,Online store,2599,3099,,No,,,,2026-09-26,,6GB,,,,,,https://iconnectqatar.com/products/apple-iphone-13-pro-max-6gb-512gb-silver-refurbished
Phone,Mid-Range,Apple,iPhone 14,128GB,iConnect Qatar,Online store,1809,2299,,No,,,,2026-09-26,,6GB,,,,,,https://iconnectqatar.com/products/apple-iphone-14-6gb-128gb-midnight-1
Phone,Flagship,Apple,iPhone 14,512GB,iConnect Qatar,Online store,2599,2899,,Yes,,,,2026-09-26,,,,,,,,https://iconnectqatar.com/products/apple-iphone-14-price-in-qatar-512gb-red
Phone,Flagship,Apple,iPhone 14 Pro,256GB,iConnect Qatar,Online store,2529,3199,,Yes,,,,2026-09-26,,6GB,,,,,,https://iconnectqatar.com/products/apple-iphone-14-6gb-128gb-midnight
Phone,Flagship,Apple,iPhone 14 Pro - Deep purple,256GB,iConnect Qatar,Online store,2529,3199,,Yes,,,,2026-09-26,,6GB,,,,,,https://iconnectqatar.com/products/apple-iphone-14-pro-6gb-256gb-deep-purple
Phone,Flagship,Apple,iPhone 14 Pro Max,256GB,iConnect Qatar,Online store,2799,3399,,Yes,,,,2026-09-26,,6GB,,,,,,https://iconnectqatar.com/products/apple-iphone-14-pro-max-6gb-256gb-silver
Phone,Flagship,Apple,iPhone 15,128GB,Digital Zone,Online store,2799,,,No,,,,2026-09-26,,6GB,,,,,,https://digitalzone.qa/products/apple-iphone-15-5g-6gb-128gb-1
Phone,Mid-Range,Apple,iPhone 15,128GB,iConnect Qatar,Online store,2289,2499,,Yes,,,,2026-09-26,,6GB,,,,,,https://iconnectqatar.com/products/apple-iphone-15-6gb-128gb-green
Phone,Flagship,Apple,iPhone 15,256GB,iConnect Qatar,Online store,2619,2849,,No,,,,2026-09-26,,6GB,,,,,,https://iconnectqatar.com/products/apple-iphone-15-6gb-256gb-black
Phone,Flagship,Apple,iPhone 15 Plus,128GB,Digital Zone,Online store,2929,,,No,,,,2026-09-26,,6GB,,,,,,https://digitalzone.qa/products/apple-iphone-15-plus-5g-6gb-128gb
Phone,Flagship,Apple,iPhone 15 Plus,128GB,iConnect Qatar,Online store,2649,2999,,Yes,,,,2026-09-26,,6GB,,,,,,https://iconnectqatar.com/products/apple-iphone-15-plus-6gb-128gb-yellow
Phone,Flagship,Apple,iPhone 15 Plus,256GB,iConnect Qatar,Online store,3099,3399,,No,,,,2026-09-26,,6GB,,,,,,https://iconnectqatar.com/products/apple-iphone-15-plus-6gb-256gb-black
Phone,Flagship,Apple,iPhone 15 Pro,128GB,Digital Zone,Online store,3379,,,No,,,,2026-09-26,,8GB,,,,,,https://digitalzone.qa/products/apple-iphone-15-pro-128gb
Phone,Flagship,Apple,iPhone 15 Pro,1TB,Digital Zone,Online store,3799,,,No,,,,2026-09-26,,8GB,,,,,,https://digitalzone.qa/products/apple-iphone-15-pro-1tb
Phone,Flagship,Apple,iPhone 15 Pro,256GB,Digital Zone,Online store,3799,,,No,,,,2026-09-26,,8GB,,,,,,https://digitalzone.qa/products/apple-iphone-15-pro-256gb
Phone,Flagship,Apple,iPhone 15 Pro,512GB,Digital Zone,Online store,3999,,,No,,,,2026-09-26,,8GB,,,,,,https://digitalzone.qa/products/apple-iphone-15-pro-512gb
Phone,Flagship,Apple,iPhone 15 Pro Max,1TB,Digital Zone,Online store,4549,,,No,,,,2026-09-26,,8GB,,,,,,https://digitalzone.qa/products/apple-iphone-15-pro-max-1tb
Phone,Flagship,Apple,iPhone 15 Pro Max,256GB,Digital Zone,Online store,3900,,,No,,,,2026-09-26,,8GB,,,,,,https://digitalzone.qa/products/apple-iphone-15-pro-max-price-in-qatar
Phone,Flagship,Apple,iPhone 15 Pro Max,256GB,iConnect Qatar,Online store,3199,3899,,Yes,,,,2026-09-26,,8GB,,,,,,https://iconnectqatar.com/products/apple-iphone-15-pro-max-8gb-256gb-black-titanium
Phone,Flagship,Apple,iPhone 16,128GB,Digital Zone,Online store,2649,,,No,,,,2026-09-26,,8GB,,,,,,https://digitalzone.qa/products/apple-iphone-16-8gb-128gb-pink
Phone,Flagship,Apple,iPhone 16,128GB,iConnect Qatar,Online store,2619,2799,,Yes,,,,2026-09-26,,,,,,,,https://iconnectqatar.com/products/apple-iphone-16-128gb-pink-in-qatar
Phone,Flagship,Apple,iPhone 16,256GB,Digital Zone,Online store,3199,,,No,,,,2026-09-26,,8GB,,,,,,https://digitalzone.qa/products/iphone-16-6-1-inch-super-retina-xdr-display-48mp-camera-a18-bionic-chip
Phone,Flagship,Apple,iPhone 16,256GB,iConnect Qatar,Online store,2849,3399,,No,,,,2026-09-26,,,,,,,,https://iconnectqatar.com/products/apple-iphone-16-256gb-pink-in-qatar
Phone,Flagship,Apple,iPhone 16 Plus,128GB,Digital Zone,Online store,3249,,,No,,,,2026-09-26,,8GB,,,,,,https://digitalzone.qa/products/iphone-16-plus-8gb-128gb-ultramarine-blue-qatar
Phone,Flagship,Apple,iPhone 16 Plus,128GB,iConnect Qatar,Online store,3099,3399,,Yes,,,,2026-09-26,,,,,,,,https://iconnectqatar.com/products/apple-iphone-16-plus-in-qatar-black
Phone,Flagship,Apple,iPhone 16 Plus,256GB,Digital Zone,Online store,4199,,,No,,,,2026-09-26,,8GB,,,,,,https://digitalzone.qa/products/iphone-16-plus-qatar
Phone,Flagship,Apple,iPhone 16 Plus,256GB,iConnect Qatar,Online store,3399,3799,,No,,,,2026-09-26,,,,,,,,https://iconnectqatar.com/products/iphone-16-plus-qatar-256gb-white
Phone,Flagship,Apple,iPhone 16 Pro,128GB,Digital Zone,Online store,3499,,,No,,,,2026-09-26,,8GB,,,,,,https://digitalzone.qa/products/iphone-16-pro-8gb-128gb-white-titanium-qatar
Phone,Flagship,Apple,iPhone 16 Pro,1TB,Digital Zone,Online store,5799,,,No,,,,2026-09-26,,8GB,,,,,,https://digitalzone.qa/products/apple-iphone-16-pro-8gb-1tb-black-titanium
Phone,Flagship,Apple,iPhone 16 Pro,256GB,iConnect Qatar,Online store,3549,3999,,Yes,,,,2026-09-26,,,,,,,,https://iconnectqatar.com/products/apple-iphone-16-pro-256gb-in-qatar
Phone,Flagship,Apple,iPhone 16 Pro Black Titanium,256GB,Digital Zone,Online store,3899,,,No,,,,2026-09-26,,8GB,,,,,,https://digitalzone.qa/products/iphone-16-pro-8gb-256gb-black-titanium-qatar
Phone,Flagship,Apple,iPhone 16 Pro Black Titanium,512GB,Digital Zone,Online store,4989,,,No,,,,2026-09-26,,8GB,,,,,,https://digitalzone.qa/products/iphone-16-pro-8gb-512gb-black-titanium-qatar
Phone,Flagship,Apple,iPhone 16 Pro Desert Titanium,256GB,Digital Zone,Online store,3899,,,No,,,,2026-09-26,,8GB,,,,,,https://digitalzone.qa/products/iphone-16-pro-8gb-256gb-desert-titanium-qatar
Phone,Flagship,Apple,iPhone 16 Pro Desert Titanium,512GB,Digital Zone,Online store,4989,,,No,,,,2026-09-26,,8GB,,,,,,https://digitalzone.qa/products/iphone-16-pro-8gb-512gb-desert-titanium-qatar
Phone,Flagship,Apple,iPhone 16 Pro Max,1TB,Digital Zone,Online store,5829,,,No,,,,2026-09-26,,8GB,,,,,,https://digitalzone.qa/products/apple-iphone-16-pro-max-8gb-1tb-desert-titanium
Phone,Flagship,Apple,iPhone 16 Pro Max,1TB,iConnect Qatar,Online store,5749,6399,,No,,,,2026-09-26,,,,,,,,https://iconnectqatar.com/products/iphone-16-pro-max-qatar
Phone,Flagship,Apple,iPhone 16 Pro Max,256GB,Digital Zone,Online store,4499,,,No,,,,2026-09-26,,8GB,,,,,,https://digitalzone.qa/products/iphone-16-pro-max-titanium-qatar
Phone,Flagship,Apple,iPhone 16 Pro Max,256GB,iConnect Qatar,Online store,3949,4399,,Yes,,,,2026-09-26,,,,,,,,https://iconnectqatar.com/products/apple-iphone-16-pro-max-black-titanium-qatar
Phone,Flagship,Apple,iPhone 16 Pro Max,512GB,Digital Zone,Online store,5349,,,No,,,,2026-09-26,,8GB,,,,,,https://digitalzone.qa/products/apple-iphone-16-pro-max-8gb-512gb-desert-titanium
Phone,Flagship,Apple,iPhone 16 Pro Max - Desert Titanium,256GB,Digital Zone,Online store,4499,,,No,,,,2026-09-26,,8GB,,,,,,https://digitalzone.qa/products/apple-iphone-16-pro-max-price-in-qatar-desert-titanium
Phone,Flagship,Apple,iPhone 16 Pro Natural Titanium,128GB,Digital Zone,Online store,3549,,,No,,,,2026-09-26,,8GB,,,,,,https://digitalzone.qa/products/iphone-16-pro-8gb-128gb-natural-titanium-qatar
Phone,Flagship,Apple,iPhone 16 Pro Natural Titanium,256GB,Digital Zone,Online store,3899,,,No,,,,2026-09-26,,8GB,,,,,,https://digitalzone.qa/products/iphone-16-pro-8gb-256gb-natural-titanium-qatar
Phone,Flagship,Apple,iPhone 16 Pro Natural Titanium,512GB,Digital Zone,Online store,4989,,,No,,,,2026-09-26,,8GB,,,,,,https://digitalzone.qa/products/iphone-16-pro-8gb-512gb-natural-titanium-qatar
Phone,Flagship,Apple,iPhone 16 Pro White Titanium,128GB,Digital Zone,Online store,3549,,,No,,,,2026-09-26,,8GB,,,,,,https://digitalzone.qa/products/apple-iphone-16-pro-8gb-128gb-white-titanium-qatar
Phone,Flagship,Apple,iPhone 16 Pro White Titanium,256GB,Digital Zone,Online store,3899,,,No,,,,2026-09-26,,8GB,,,,,,https://digitalzone.qa/products/iphone-16-pro-8gb-256gb-white-titanium-qatar
Phone,Flagship,Apple,iPhone 16 Pro White Titanium,512GB,Digital Zone,Online store,4989,,,No,,,,2026-09-26,,8GB,,,,,,https://digitalzone.qa/products/iphone-16-pro-8gb-512gb-white-titanium-qatar
Phone,Mid-Range,Apple,iPhone 16e,128GB,iConnect Qatar,Online store,1799,2449,,No,,,,2026-09-26,,,,,,,,https://iconnectqatar.com/products/apple-iphone-16e-black-best-apple-phones-in-qatar
Phone,Mid-Range,Apple,iPhone 16e,256GB,iConnect Qatar,Online store,2449,2899,,No,,,,2026-09-26,,,,,,,,https://iconnectqatar.com/products/apple-iphone-16e-256gb-black
Phone,Mid-Range,Apple,iPhone 16e Black,128GB,Digital Zone,Online store,2419,,,No,,,,2026-09-26,,,,,,,,https://digitalzone.qa/products/apple-iphone-16e-128gb-black-qatar
Phone,Flagship,Apple,iPhone 16e Black,256GB,Digital Zone,Online store,2949,,,No,,,,2026-09-26,,,,,,,,https://digitalzone.qa/products/apple-iphone-16e-256gb-black-qatar
Phone,Flagship,Apple,iPhone 16e Black,512GB,Digital Zone,Online store,3799,,,No,,,,2026-09-26,,,,,,,,https://digitalzone.qa/products/apple-iphone-16e-512gb-black-qatar
Phone,Mid-Range,Apple,iPhone 16e White,128GB,Digital Zone,Online store,2419,,,No,,,,2026-09-26,,,,,,,,https://digitalzone.qa/products/apple-iphone-16e-128gb-white-qatar
Phone,Flagship,Apple,iPhone 16e White,256GB,Digital Zone,Online store,2949,,,No,,,,2026-09-26,,,,,,,,https://digitalzone.qa/products/apple-iphone-16e-256gb-white-qatar
Phone,Flagship,Apple,iPhone 16e White,512GB,Digital Zone,Online store,3799,,,No,,,,2026-09-26,,,,,,,,https://digitalzone.qa/products/apple-iphone-16e-512gb-white-qatar
Phone,Flagship,Apple,iPhone 17,256GB,iConnect Qatar,Online store,3099,3299,,Yes,,,,2026-09-26,,,,,,,,https://iconnectqatar.com/products/apple-iphone-17-256gb-misty-blue-japan-spec
Phone,Flagship,Apple,iPhone 17,512GB,iConnect Qatar,Online store,3899,,,Yes,,,,2026-09-26,,,,,,,,https://iconnectqatar.com/products/apple-iphone-17-price-in-qatar-512gb-sage
Phone,Flagship,Apple,iPhone 17 - Lavender,256GB,iConnect Qatar,Online store,3099,3299,,No,,,,2026-09-26,,,,,,,,https://iconnectqatar.com/products/apple-iphone-17-qatar-256gb-lavender
Phone,Flagship,Apple,iPhone 17 - Sage,256GB,iConnect Qatar,Online store,3099,3299,,No,,,,2026-09-26,,,,,,,,https://iconnectqatar.com/products/apple-iphone-17-qatar-256gb-sage
Phone,Flagship,Apple,iPhone 17 - White,256GB,iConnect Qatar,Online store,3099,3299,,Yes,,,,2026-09-26,,,,,,,,https://iconnectqatar.com/products/apple-iphone-17-in-qatar-256gb-white
Phone,Flagship,Apple,"iPhone 17 6.1"" Display A19 Chip",256GB,Digital Zone,Online store,3199,,,No,,,,2026-09-26,,8GB,,,,,,https://digitalzone.qa/products/apple-iphone-17-256gb-5g-qatar
Phone,Flagship,Apple,"iPhone 17 6.1"" Display A19 Chip",512GB,Digital Zone,Online store,4199,,,No,,,,2026-09-26,,8GB,,,,,,https://digitalzone.qa/products/apple-iphone-17-512gb-5g-qatar
Phone,Flagship,Apple,iPhone 17 Physical Sim,256GB,iConnect Qatar,Online store,3299,3599,,Yes,,,,2026-09-26,,,,,,,,https://iconnectqatar.com/products/apple-iphone-17-price-in-qatar-256gb-black
Phone,Flagship,Apple,iPhone 17 Pro,1TB,Digital Zone,Online store,5949,,,No,,,,2026-09-26,,12GB,,,,,,https://digitalzone.qa/products/apple-iphone-17-pro-1tb-a19-pro-qatar
Phone,Flagship,Apple,iPhone 17 Pro,1TB,iConnect Qatar,Online store,4999,6299,,Yes,,,,2026-09-26,,,,,,,,https://iconnectqatar.com/products/apple-iphone-17-pro-1tb-cosmic-orange-arabic-spec
Phone,Flagship,Apple,iPhone 17 Pro,256GB,Digital Zone,Online store,4399,,,No,,,,2026-09-26,,12GB,,,,,,https://digitalzone.qa/products/apple-iphone-17-pro-256gb-a19-pro-qatar
Phone,Flagship,Apple,iPhone 17 Pro,256GB,iConnect Qatar,Online store,4089,4649,,Yes,,,,2026-09-26,,,,,,,,https://iconnectqatar.com/products/iphone-17-pro-qatar-256gb-cosmic-orange
Phone,Flagship,Apple,iPhone 17 Pro,512GB,Digital Zone,Online store,5099,,,No,,,,2026-09-26,,12GB,,,,,,https://digitalzone.qa/products/apple-iphone-17-pro-512gb-a19-pro-qatar
Phone,Flagship,Apple,iPhone 17 Pro,512GB,iConnect Qatar,Online store,4829,5399,,Yes,,,,2026-09-26,,,,,,,,https://iconnectqatar.com/products/apple-iphone-17-pro-price-in-qatar-512gb-deep-blue
Phone,Flagship,Apple,iPhone 17 Pro Max,1TB,Digital Zone,Online store,6499,,,No,,,,2026-09-26,,12GB,,,,,,https://digitalzone.qa/products/apple-iphone-17-pro-max-1tb-a19-pro-qatar
Phone,Flagship,Apple,iPhone 17 Pro Max,1TB,iConnect Qatar,Online store,5849,6799,,Yes,,,,2026-09-26,,,,,,,,https://iconnectqatar.com/products/apple-iphone-17-pro-max-1tb-cosmic-orange
Phone,Flagship,Apple,iPhone 17 Pro Max,256GB,Digital Zone,Online store,4399,,,Yes,,,,2026-09-26,,12GB,,,,,,https://digitalzone.qa/products/apple-iphone-17-pro-max-256gb-a19-pro-qatar
Phone,Flagship,Apple,iPhone 17 Pro Max,256GB,iConnect Qatar,Online store,4379,4799,,Yes,,,,2026-09-26,,,,,,,,https://iconnectqatar.com/products/apple-iphone-17-pro-max-price-in-qatar-256gb-cosmic-orange
Phone,Flagship,Apple,iPhone 17 Pro Max,2TB,Digital Zone,Online store,8399,,,No,,,,2026-09-26,,12GB,,,,,,https://digitalzone.qa/products/apple-iphone-17-pro-max-2tb-a19-chip-qatar
Phone,Flagship,Apple,iPhone 17 Pro Max,2TB,iConnect Qatar,Online store,7599,,,Yes,,,,2026-09-26,,,,,,,,https://iconnectqatar.com/products/apple-iphone-17-pro-max-qatar-2tb-deep-blue
Phone,Flagship,Apple,iPhone 17 Pro Max,512GB,Digital Zone,Online store,5189,,,Yes,,,,2026-09-26,,12GB,,,,,,https://digitalzone.qa/products/apple-iphone-17-pro-max-512gb-a19-pro-qatar
Phone,Flagship,Apple,iPhone 17 Pro Max,512GB,iConnect Qatar,Online store,5199,5999,,Yes,,,,2026-09-26,,,,,,,,https://iconnectqatar.com/products/apple-iphone-17-pro-max-qatar-512gb-deep-blue
Phone,Flagship,Apple,iPhone 18 Pro,1TB,Digital Zone,Online store,7499,,,No,,,,2026-09-26,,12GB,,,,,,https://digitalzone.qa/products/apple-iphone-18-pro-12gb-1tb-5g
Phone,Flagship,Apple,iPhone 18 Pro,1TB,iConnect Qatar,Online store,8999,9199,,Yes,,,,2026-09-26,,,,,,,,https://iconnectqatar.com/products/apple-iphone-18-pro-in-qatar-1tb-glacier
Phone,Flagship,Apple,iPhone 18 Pro,256GB,Digital Zone,Online store,5299,,,No,,,,2026-09-26,,12GB,,,,,,https://digitalzone.qa/products/apple-iphone-18-pro-12gb-256gb-5g
Phone,Flagship,Apple,iPhone 18 Pro,256GB,iConnect Qatar,Online store,5499,6199,,Yes,,,,2026-09-26,,,,,,,,https://iconnectqatar.com/products/iphone-18-pro-price-in-qatar-256gb-glacier
Phone,Flagship,Apple,iPhone 18 Pro,2TB,iConnect Qatar,Online store,11699,11899,,Yes,,,,2026-09-26,,,,,,,,https://iconnectqatar.com/products/apple-iphone-18-pro-in-qatar-2tb-glacier
Phone,Flagship,Apple,iPhone 18 Pro,512GB,Digital Zone,Online store,6449,,,No,,,,2026-09-26,,12GB,,,,,,https://digitalzone.qa/products/apple-iphone-18-pro-12gb-512gb-5g
Phone,Flagship,Apple,iPhone 18 Pro,512GB,iConnect Qatar,Online store,6899,7199,,Yes,,,,2026-09-26,,,,,,,,https://iconnectqatar.com/products/apple-iphone-18-pro-qatar-512gb-glacier
Phone,Flagship,Apple,iPhone 18 Pro Max,1TB,Digital Zone,Online store,7949,,,No,,,,2026-09-26,,12GB,,,,,,https://digitalzone.qa/products/apple-iphone-18-pro-max-1tb-5g
Phone,Flagship,Apple,iPhone 18 Pro Max,1TB,iConnect Qatar,Online store,10399,10599,,Yes,,,,2026-09-26,,,,,,,,https://iconnectqatar.com/products/apple-iphone-18-pro-max-in-qatar-1tb-glacier
Phone,Flagship,Apple,iPhone 18 Pro Max,256GB,Digital Zone,Online store,5999,,,No,,,,2026-09-26,,12GB,,,,,,https://digitalzone.qa/products/apple-iphone-18-pro-max-256gb-5g
Phone,Flagship,Apple,iPhone 18 Pro Max,256GB,iConnect Qatar,Online store,6499,7299,,Yes,,,,2026-09-26,,,,,,,,https://iconnectqatar.com/products/apple-iphone-18-pro-max-in-qatar-256gb-glacier
Phone,Flagship,Apple,iPhone 18 Pro Max,2TB,iConnect Qatar,Online store,12499,12699,,Yes,,,,2026-09-26,,,,,,,,https://iconnectqatar.com/products/apple-iphone-18-pro-max-qatar-2tb-glacier
Phone,Flagship,Apple,iPhone 18 Pro Max,512GB,Digital Zone,Online store,6249,,,No,,,,2026-09-26,,12GB,,,,,,https://digitalzone.qa/products/apple-iphone-18-pro-max-512gb-5g
Phone,Flagship,Apple,iPhone 18 Pro Max,512GB,iConnect Qatar,Online store,7999,8299,,Yes,,,,2026-09-26,,,,,,,,https://iconnectqatar.com/products/apple-iphone-18-pro-max-qatar-512gb-glacier
Phone,Flagship,Apple,iPhone 18 Pro Max -Silver,2TB,iConnect Qatar,Online store,12499,12699,,Yes,,,,2026-09-26,,,,,,,,https://iconnectqatar.com/products/iphone-18-pro-max-price-in-qatar-2tb-silver
Phone,Flagship,Apple,iPhone Air,256GB,iConnect Qatar,Online store,3185,3499,,Yes,,,,2026-09-26,,,,,,,,https://iconnectqatar.com/products/apple-iphone-air-price-in-qatar-256gb-sky-blue
Phone,Flagship,Apple,"iPhone Air – 6.5"" Display A19 Pro Chip",1TB,Digital Zone,Online store,4999,,,No,,,,2026-09-26,,12GB,,,,,,https://digitalzone.qa/products/apple-iphone-air-1tb-a19-pro-qatar
Phone,Flagship,Apple,"iPhone Air – 6.5"" Display A19 Pro Chip",256GB,Digital Zone,Online store,3739,,,No,,,,2026-09-26,,12GB,,,,,,https://digitalzone.qa/products/apple-iphone-air-256gb-a19-pro-qatar
Phone,Flagship,Apple,"iPhone Air – 6.5"" Display A19 Pro Chip",512GB,Digital Zone,Online store,5049,,,No,,,,2026-09-26,,12GB,,,,,,https://digitalzone.qa/products/apple-iphone-air-512gb-a19-pro-qatar
Phone,Flagship,Apple,iphone 15 Pro,256GB,iConnect Qatar,Online store,2969,3599,,Yes,,,,2026-09-26,,,,,,,,https://iconnectqatar.com/products/apple-iphone-15-pro-in-qatar-256gb-natural-titanium
Phone,Flagship,Apple,iphone 16 Pro Max,512GB,iConnect Qatar,Online store,4979,5299,,No,,,,2026-09-26,,,,,,,,https://iconnectqatar.com/products/apple-iphone-16-pro-max-512gb-white-titanium
Phone,Flagship,Apple,iphone 17e,256GB,iConnect Qatar,Online store,2599,,,Yes,,,,2026-09-26,,,,,,,,https://iconnectqatar.com/products/apple-iphone-17e-price-in-qatar-256gb-white
Phone,Low End,Benco,V91S Plus,128GB,iConnect Qatar,Online store,469,599,,Yes,,,,2026-09-26,,6GB,,,,,,https://iconnectqatar.com/products/benco-v91s-plus-qatar-6gb-128gb-white
Phone,Budget,Blackview,BV6200 Pro,128GB,Digital Zone,Online store,699,,,No,,,,2026-09-26,,6GB,,,,,,https://digitalzone.qa/products/blackview-bv6200-pro-6-gb-ram-128gb-rom-4g-smartphone-black
Phone,Mid-Range,Google,Pixel 10,128GB,iConnect Qatar,Online store,2259,2699,,Yes,,,,2026-09-26,,12GB,,,,,,https://iconnectqatar.com/products/google-pixel-10-12gb-128gb-obsidian
Phone,Flagship,Google,Pixel 10,256GB,iConnect Qatar,Online store,2649,2999,,Yes,,,,2026-09-26,,12GB,,,,,,https://iconnectqatar.com/products/google-pixel-10-12gb-256gb
Phone,Flagship,Google,Pixel 10 Pro,256GB,iConnect Qatar,Online store,3479,3849,,Yes,,,,2026-09-26,,16GB,,,,,,https://iconnectqatar.com/products/google-pixel-10-pro-price-in-qatar-16gb-256gb-obsidian
Phone,Flagship,Google,Pixel 10 Pro,512GB,iConnect Qatar,Online store,3929,5499,,Yes,,,,2026-09-26,,16GB,,,,,,https://iconnectqatar.com/products/google-pixel-10-pro-qatar-16gb-512gb-moonstone
Phone,Flagship,Google,Pixel 10 Pro - Jade,256GB,iConnect Qatar,Online store,3479,3849,,Yes,,,,2026-09-26,,16GB,,,,,,https://iconnectqatar.com/products/google-pixel-10-pro-16gb-256gb-jade
Phone,Flagship,Google,Pixel 10 Pro - Porcelain,256GB,iConnect Qatar,Online store,3479,3849,,No,,,,2026-09-26,,16GB,,,,,,https://iconnectqatar.com/products/google-pixel-10-pro-qatar-16gb-256gb-porcelain
Phone,Flagship,Google,Pixel 10 Pro XL,256GB,iConnect Qatar,Online store,3499,3999,,Yes,,,,2026-09-26,,16GB,,,,,,https://iconnectqatar.com/products/google-pixel-10-pro-xl-qatar-16gb-256gb-obsidian
Phone,Flagship,Google,Pixel 10 Pro XL,512GB,iConnect Qatar,Online store,4049,5799,,Yes,,,,2026-09-26,,16GB,,,,,,https://iconnectqatar.com/products/google-pixel-10-pro-xl-price-in-qatar-16gb-512gb-moonstone
Phone,Mid-Range,Google,Pixel 10A,128GB,iConnect Qatar,Online store,1679,1999,,Yes,,,,2026-09-26,,8GB,,,,,,https://iconnectqatar.com/products/google-pixel-10a-price-in-qatar-8gb-128gb-fog
Phone,Mid-Range,Google,Pixel 10A,256GB,iConnect Qatar,Online store,1889,2399,,Yes,,,,2026-09-26,,8GB,,,,,,https://iconnectqatar.com/products/google-pixel-10a-in-qatar-8gb-256gb-lavender
Phone,Flagship,Google,Pixel 11,256GB,iConnect Qatar,Online store,3049,3599,,Yes,,,,2026-09-26,,,,,,,,https://iconnectqatar.com/products/google-pixel-11-256gb-frost
Phone,Flagship,Google,Pixel 11 Pro,256GB,iConnect Qatar,Online store,4399,4999,,Yes,,,,2026-09-26,,,,,,,,https://iconnectqatar.com/products/google-pixel-11-pro-256gb-fog
Phone,Flagship,Google,Pixel 11 Pro,512GB,iConnect Qatar,Online store,4799,4999,,Yes,,,,2026-09-26,,,,,,,,https://iconnectqatar.com/products/google-pixel-11-pro-512gb-obsidian
Phone,Flagship,Google,Pixel 11 Pro Fold,256GB,iConnect Qatar,Online store,5699,5999,,Yes,,,,2026-09-26,,,,,,,,https://iconnectqatar.com/products/google-pixel-11-pro-fold-price-in-qatar-256gb-obsidian
Phone,Flagship,Google,Pixel 11 Pro XL,256GB,iConnect Qatar,Online store,4599,5059,,Yes,,,,2026-09-26,,,,,,,,https://iconnectqatar.com/products/google-pixel-11-pro-xl-256gb-fog
Phone,Flagship,Google,Pixel 11 Pro XL,512GB,iConnect Qatar,Online store,5199,5699,,Yes,,,,2026-09-26,,,,,,,,https://iconnectqatar.com/products/google-pixel-11-pro-xl-in-qatar-512gb-fog
Phone,Low End,Google,Pixel 3A XL,64GB,iConnect Qatar,Online store,449,549,,No,,,,2026-09-26,,4GB,,,,,,https://iconnectqatar.com/products/google-pixel-3a-xl-4gb-64gb-just-black
Phone,Budget,Google,Pixel 5,128GB,iConnect Qatar,Online store,749,900,,No,,,,2026-09-26,,8GB,,,,,,https://iconnectqatar.com/products/google-pixel-5-6gb-128gb-black-google-pixel-5-5g
Phone,Budget,Google,Pixel 5A,128GB,iConnect Qatar,Online store,599,899,,No,,,,2026-09-26,,8GB,,,,,,https://iconnectqatar.com/products/google-pixel-5a-8gb-128gb-mostly-black
Phone,Budget,Google,Pixel 6,128GB,iConnect Qatar,Online store,989,1249,,Yes,,,,2026-09-26,,8GB,,,,,,https://iconnectqatar.com/products/google-pixel-6-price-in-qatar-8gb-128gb-stormy-black
Phone,Budget,Google,Pixel 6 Pro,128GB,iConnect Qatar,Online store,1099,1399,,No,,,,2026-09-26,,12GB,,,,,,https://iconnectqatar.com/products/google-pixel-6-pro-6gb-128gb-stormy-black
Phone,Mid-Range,Google,Pixel 6 Pro,256GB,iConnect Qatar,Online store,1399,1549,,No,,,,2026-09-26,,6GB,,,,,,https://iconnectqatar.com/products/google-pixel-6-pro-12gb-256gb-stormy-black
Phone,Budget,Google,Pixel 6A,128GB,iConnect Qatar,Online store,779,1099,,Yes,,,,2026-09-26,,6GB,,,,,,https://iconnectqatar.com/products/google-pixel-6a-6gb-128gb-sorta-seafoam
Phone,Budget,Google,Pixel 7,128GB,iConnect Qatar,Online store,1199,1299,,Yes,,,,2026-09-26,,8GB,,,,,,https://iconnectqatar.com/products/google-pixel-7-8gb-128gb-snow
Phone,Mid-Range,Google,Pixel 7 - Obsidian,256GB,iConnect Qatar,Online store,1299,1549,,No,,,,2026-09-26,,8GB,,,,,,https://iconnectqatar.com/products/google-pixel-7-8gb-256gb-obsidian
Phone,Mid-Range,Google,Pixel 7 Pro,128GB,iConnect Qatar,Online store,1379,1799,,No,,,,2026-09-26,,8GB,,,,,,https://iconnectqatar.com/products/google-pixel-7-pro-12gb-128gb-hazel
Phone,Mid-Range,Google,Pixel 7 Pro,256GB,iConnect Qatar,Online store,1679,1999,,No,,,,2026-09-26,,8GB,,,,,,https://iconnectqatar.com/products/google-pixel-7-pro-in-qatar-adapter-obsidian
Phone,Mid-Range,Google,Pixel 7 Pro – Hazel,256GB,iConnect Qatar,Online store,1679,1999,,No,,,,2026-09-26,,8GB,,,,,,https://iconnectqatar.com/products/google-pixel-7-pro-8gb-256gb-hazel
Phone,Budget,Google,Pixel 7A,128GB,iConnect Qatar,Online store,1139,1299,,Yes,,,,2026-09-26,,8GB,,,,,,https://iconnectqatar.com/products/google-pixel-7a-price-in-qatar-sea
Phone,Mid-Range,Google,Pixel 8,128GB,iConnect Qatar,Online store,1669,1949,,Yes,,,,2026-09-26,,8GB,,,,,,https://iconnectqatar.com/products/google-pixel-8-5g-8gb-128gb-in-qatar-mint
Phone,Mid-Range,Google,Pixel 8,256GB,iConnect Qatar,Online store,1909,2399,,No,,,,2026-09-26,,8GB,,,,,,https://iconnectqatar.com/products/google-pixel-8-8gb-256gb-obsidian
Phone,Mid-Range,Google,Pixel 8 - Hazel,128GB,iConnect Qatar,Online store,1669,1949,,No,,,,2026-09-26,,8GB,,,,,,https://iconnectqatar.com/products/google-pixel-8-8gb-128gb-hazel-google-pixel-8
Phone,Mid-Range,Google,Pixel 8 - Rose,128GB,iConnect Qatar,Online store,1669,1949,,No,,,,2026-09-26,,8GB,,,,,,https://iconnectqatar.com/products/google-pixel-8-5g-in-qatar-adapter-rose
Phone,Mid-Range,Google,Pixel 8 Pro,128GB,iConnect Qatar,Online store,1899,2369,,No,,,,2026-09-26,,8GB,,,,,,https://iconnectqatar.com/products/google-pixel-8-pro-8gb-128gb-porcelain
Phone,Mid-Range,Google,Pixel 8 Pro,256GB,iConnect Qatar,Online store,2419,2899,,No,,,,2026-09-26,,12GB,,,,,,https://iconnectqatar.com/products/google-pixel-8-pro-8gb-256gb-adapter-proclain
Phone,Mid-Range,Google,Pixel 8 Pro - Obsidian,128GB,iConnect Qatar,Online store,1899,2369,,No,,,,2026-09-26,,8GB,,,,,,https://iconnectqatar.com/products/google-pixel-8-pro-in-qatar-obsidian
Phone,Mid-Range,Google,Pixel 8 Pro - Obsidian,256GB,iConnect Qatar,Online store,2419,2899,,No,,,,2026-09-26,,12GB,,,,,,https://iconnectqatar.com/products/google-pixel-8-pro-8gb-256gb-in-qatar-obsidian
Phone,Mid-Range,Google,Pixel 8A,128GB,iConnect Qatar,Online store,1389,1589,,No,,,,2026-09-26,,8GB,,,,,,https://iconnectqatar.com/products/google-pixel-8a-8gb-128gb-bay
Phone,Mid-Range,Google,Pixel 8A,256GB,iConnect Qatar,Online store,1659,1999,,No,,,,2026-09-26,,8GB,,,,,,https://iconnectqatar.com/products/google-pixel-8a-8gb-256gb-blue
Phone,Mid-Range,Google,Pixel 9,128GB,iConnect Qatar,Online store,2179,2599,,Yes,,,,2026-09-26,,12GB,,,,,,https://iconnectqatar.com/products/google-pixel-9-porcelain-in-qatar
Phone,Mid-Range,Google,Pixel 9,256GB,iConnect Qatar,Online store,2399,2949,,Yes,,,,2026-09-26,,12GB,,,,,,https://iconnectqatar.com/products/google-pixel-9-12gb-256gb-peony
Phone,Mid-Range,Google,Pixel 9 Pro,128GB,iConnect Qatar,Online store,2439,3199,,Yes,,,,2026-09-26,,16GB,,,,,,https://iconnectqatar.com/products/google-pixel-9-pro-16gb-in-qatar-porcelain
Phone,Flagship,Google,Pixel 9 Pro,256GB,iConnect Qatar,Online store,3299,3599,,Yes,,,,2026-09-26,,16GB,,,,,,https://iconnectqatar.com/products/google-pixel-9-pro-16gb-256gb-porcelain
Phone,Flagship,Google,Pixel 9 Pro Fold,256GB,iConnect Qatar,Online store,4299,5199,,Yes,,,,2026-09-26,,16GB,,,,,,https://iconnectqatar.com/products/google-pixel-9-pro-fold-16gb-256gb-obsidian
Phone,Flagship,Google,Pixel 9 Pro Fold,512GB,iConnect Qatar,Online store,5219,5799,,No,,,,2026-09-26,,16GB,,,,,,https://iconnectqatar.com/products/google-pixel-9-pro-fold-16gb-512gb-obsidian
Phone,Flagship,Google,Pixel 9 Pro XL,128GB,iConnect Qatar,Online store,2599,3599,,Yes,,,,2026-09-26,,16GB,,,,,,https://iconnectqatar.com/products/google-pixel-9-pro-xl-in-qatar-hazel
Phone,Flagship,Google,Pixel 9 Pro XL,1TB,iConnect Qatar,Online store,4199,4299,,No,,,,2026-09-26,,16GB,,,,,,https://iconnectqatar.com/products/google-pixel-9-pro-xl-1tb-obsidian-in-qatar
Phone,Flagship,Google,Pixel 9 Pro XL,256GB,iConnect Qatar,Online store,2999,3899,,Yes,,,,2026-09-26,,16GB,,,,,,https://iconnectqatar.com/products/google-pixel-9-pro-xl-16gb-256gb-porcelain
Phone,Flagship,Google,Pixel 9 Pro XL,512GB,iConnect Qatar,Online store,3333,3949,,Yes,,,,2026-09-26,,16GB,,,,,,https://iconnectqatar.com/products/google-pixel-9-pro-xl-16gb-512gb-black-pixel-price-in-qatar
Phone,Flagship,Google,Pixel 9 Pro XL - Obsidian,256GB,iConnect Qatar,Online store,2999,3899,,Yes,,,,2026-09-26,,16GB,,,,,,https://iconnectqatar.com/products/google-pixel-9-pro-xl-16gb-256gb-obsidian
Phone,Mid-Range,Google,Pixel 9A,256GB,iConnect Qatar,Online store,1749,2299,,Yes,,,,2026-09-26,,8GB,,,,,,https://iconnectqatar.com/products/google-pixel-9a-8gb-128gb-obsidian
Phone,Mid-Range,Google,Pixel 9A - Pocelain,128GB,iConnect Qatar,Online store,1899,2559,,No,,,,2026-09-26,,8GB,,,,,,https://iconnectqatar.com/products/google-pixel-9a-8gb-128gb-adapter-pocelaain
Phone,Flagship,Google,pixel 10 Pro,128GB,iConnect Qatar,Online store,2839,3999,,Yes,,,,2026-09-26,,16GB,,,,,,https://iconnectqatar.com/products/google-pixel-10-pro-price-in-qatar-16gb-128gb-moonstone
Phone,Flagship,Google,pixel 10 Pro - Obsidian,128GB,iConnect Qatar,Online store,2839,3999,,Yes,,,,2026-09-26,,16GB,,,,,,https://iconnectqatar.com/products/google-pixel-10-pro-qatar-16gb-128gb-obsidian
Phone,Flagship,Google,pixel 10 Pro Fold,256GB,iConnect Qatar,Online store,4749,5499,,Yes,,,,2026-09-26,,16GB,,,,,,https://iconnectqatar.com/products/google-pixel-10-pro-fold-qatar-12gb-256gb-adapter-moonstone
Phone,Low End,Hmd,Aura,128GB,iConnect Qatar,Online store,289,,,No,,,,2026-09-26,,4GB,,,,,,https://iconnectqatar.com/products/hmd-aura-4g-4gb-128gb-glacier-green
Phone,Low End,Hmd,Aura 2,128GB,iConnect Qatar,Online store,269,349,,No,,,,2026-09-26,,4GB,,,,,,https://iconnectqatar.com/products/hmd-aura-2-4gb-128gb-icy-blue-qatar
Phone,Low End,Hmd,Aura 2,256GB,iConnect Qatar,Online store,299,399,,No,,,,2026-09-26,,4GB,,,,,,https://iconnectqatar.com/products/hmd-aura-2-4gb-256gb-midnight-black-qatar
Phone,Low End,Hmd,Crest,128GB,iConnect Qatar,Online store,429,499,,No,,,,2026-09-26,,6GB,,,,,,https://iconnectqatar.com/products/hmd-crest-5g-6gb-qatar
Phone,Low End,Hmd,Pulse Pro,256GB,iConnect Qatar,Online store,379,649,,No,,,,2026-09-26,,8GB,,,,,,https://iconnectqatar.com/products/hmd-pulse-pro-4g-8gb-256gb-glacier-green-qatar
Phone,Mid-Range,Honor,200,256GB,Digital Zone,Online store,1599,,,No,,,,2026-09-26,,12GB,,,,,,https://digitalzone.qa/products/honor-200-5g-12gb-256gb-moonlight-white
Phone,Mid-Range,Honor,200,256GB,iConnect Qatar,Online store,1385,1509,,No,,,,2026-09-26,,12GB,,,,,,https://iconnectqatar.com/products/honor-200-5g-12gb-256gb-emerald-green
Phone,Mid-Range,Honor,200,512GB,Digital Zone,Online store,1899,,,No,,,,2026-09-26,,12GB,,,,,,https://digitalzone.qa/products/honor-200-5g-12gb-512gb-moonlight-white
Phone,Mid-Range,Honor,200 Pro,512GB,Digital Zone,Online store,2499,,,No,,,,2026-09-26,,12GB,,,,,,https://digitalzone.qa/products/honor-200-pro-5g-12gb-512gb-ocean-cyan
Phone,Mid-Range,Honor,200 Pro,512GB,iConnect Qatar,Online store,1829,2300,,No,,,,2026-09-26,,12GB,,,,,,https://iconnectqatar.com/products/honor-200-pro-5g-12gb-512gb-black
Phone,Mid-Range,Honor,400,256GB,Digital Zone,Online store,1399,,,No,,,,2026-09-26,,12GB,,,,,,https://digitalzone.qa/products/honor-400-5g-12gb-256gb-qatar
Phone,Mid-Range,Honor,400,256GB,iConnect Qatar,Online store,1249,1389,,No,,,,2026-09-26,,12GB,,,,,,https://iconnectqatar.com/products/honor-400-qatar-meteor-silver
Phone,Mid-Range,Honor,400,512GB,Digital Zone,Online store,1599,,,No,,,,2026-09-26,,12GB,,,,,,https://digitalzone.qa/products/honor-400-5g-12gb-512gb-qatar
Phone,Mid-Range,Honor,400,512GB,iConnect Qatar,Online store,1429,1569,,No,,,,2026-09-26,,12GB,,,,,,https://iconnectqatar.com/products/honor-400-5g-12gb-512gb-qatar
Phone,Budget,Honor,400 Lite,256GB,Digital Zone,Online store,829,,,No,,,,2026-09-26,,8GB,,,,,,https://digitalzone.qa/products/honor-400-lite-5g-8gb-256gb-smartphone-qatar
Phone,Budget,Honor,400 Lite,256GB,iConnect Qatar,Online store,839,879,,Yes,,,,2026-09-26,,8GB,,,,,,https://iconnectqatar.com/products/honor-400-lite-qatar-5g-8gb-256gb-velvet-black
Phone,Mid-Range,Honor,400 Pro,512GB,Digital Zone,Online store,2149,,,No,,,,2026-09-26,,12GB,,,,,,https://digitalzone.qa/products/honor-400-pro-5g-12gb-512gb-qatar
Phone,Mid-Range,Honor,400 Pro,512GB,iConnect Qatar,Online store,2269,2499,,No,,,,2026-09-26,,12GB,,,,,,https://iconnectqatar.com/products/honor-400-pro-5g-lunar-grey-qatar
Phone,Mid-Range,Honor,600,256GB,iConnect Qatar,Online store,1469,1599,,Yes,,,,2026-09-26,,8GB,,,,,,https://iconnectqatar.com/products/honor-600-price-in-qatar-8gb-256gb-orange
Phone,Mid-Range,Honor,600 200MP 12MP 7000 mAh battery,256GB,Digital Zone,Online store,1599,,,No,,,,2026-09-26,,8GB,,,,,,https://digitalzone.qa/products/honor-600-5g-8gb-256gb-200mp-7000mah-smartphone-qatar
Phone,Budget,Honor,600 Lite,256GB,iConnect Qatar,Online store,1079,,,Yes,,,,2026-09-26,,8GB,,,,,,https://iconnectqatar.com/products/honor-600-lite-qatar-5g-8gb-256gb-velvet-grey
Phone,Flagship,Honor,600 Pro,512GB,iConnect Qatar,Online store,2769,3499,,Yes,,,,2026-09-26,,12GB,,,,,,https://iconnectqatar.com/products/honor-600-pro-price-in-qatar-5g-12gb-512gb-orange
Phone,Flagship,Honor,600 Pro 200MP 50MP 12MP 50 MP 7000 mAh battery,512GB,Digital Zone,Online store,2999,,,No,,,,2026-09-26,,12GB,,,,,,https://digitalzone.qa/products/honor-600-pro-5g-12gb-512gb-200mp-7000mah-smartphone-qatar
Phone,Low End,Honor,Choice T10,64GB,iConnect Qatar,Online store,299,499,,Yes,,,,2026-09-26,,4GB,,,,,,https://iconnectqatar.com/products/honor-choice-t10-in-qatar-4gb-64gb-streamer-silver
Phone,Flagship,Honor,Magic 7 Pro,512GB,Digital Zone,Online store,3999,,,No,,,,2026-09-26,,12GB,,,,,,https://digitalzone.qa/products/honor-magic-7-pro-5g-smartphone-12gb-512gb
Phone,Flagship,Honor,Magic 8 Pro,1TB,iConnect Qatar,Online store,4249,5099,,No,,,,2026-09-26,,16GB,,,,,,https://iconnectqatar.com/products/honor-magic-8-pro-in-qatar-5g-16gb-1tb
Phone,Flagship,Honor,Magic 8 Pro,512GB,iConnect Qatar,Online store,3719,4299,,Yes,,,,2026-09-26,,12GB,,,,,,https://iconnectqatar.com/products/honor-magic-8-pro-qatar-12gb-512gb-black
Phone,Flagship,Honor,Magic 8 Pro - Sky Cyan,512GB,iConnect Qatar,Online store,3719,4299,,No,,,,2026-09-26,,12GB,,,,,,https://iconnectqatar.com/products/honor-magic-8-pro-price-in-qatar-12gb-512gb-sky-cyan
Phone,Flagship,Honor,Magic 8 Pro - Sunrise Gold,512GB,iConnect Qatar,Online store,3719,4299,,Yes,,,,2026-09-26,,12GB,,,,,,https://iconnectqatar.com/products/honor-magic-8-pro-qatar-12gb-512gb-sunrise-gold
Phone,Flagship,Honor,Magic V3,512GB,iConnect Qatar,Online store,3599,4899,,No,,,,2026-09-26,,12GB,,,,,,https://iconnectqatar.com/products/honor-magic-v3-5g-12gb-512gb-black-qatar
Phone,Flagship,Honor,Magic V5,512GB,iConnect Qatar,Online store,4799,7079,,Yes,,,,2026-09-26,,16GB,,,,,,https://iconnectqatar.com/products/honor-magic-v5-price-in-qatar-16gb-512gb-reddish-brown
Phone,Flagship,Honor,Magic V5 - Ivory White,512GB,iConnect Qatar,Online store,4799,7079,,No,,,,2026-09-26,,16GB,,,,,,https://iconnectqatar.com/products/honor-magic-v5-in-qatar-16gb-512gb-ivory-white
Phone,Flagship,Honor,Magic V6,512GB,iConnect Qatar,Online store,6399,7599,,Yes,,,,2026-09-26,,16GB,,,,,,https://iconnectqatar.com/products/honor-magic-v6-5g-16gb-512gb-gold
Phone,Flagship,Honor,Magic V6 6660mAh Foldable,512GB,Digital Zone,Online store,6899,,,Yes,,,,2026-09-26,,16GB,,,,,,https://digitalzone.qa/products/honor-magic-v6-5g-16gb-512gb-6660mah-foldable-smartphone-qatar
Phone,Low End,Honor,Play 20A,128GB,iConnect Qatar,Online store,459,579,,Yes,,,,2026-09-26,,4GB,,,,,,https://iconnectqatar.com/products/honor-play-20a-4g-4gb-128gb-black-copy
Phone,Low End,Honor,Play 20A,64GB,iConnect Qatar,Online store,369,459,,Yes,,,,2026-09-26,,4GB,,,,,,https://iconnectqatar.com/products/honor-play-20a-price-in-qatar-4gb-64gb-black
Phone,Low End,Honor,"Play 20A 6.9"" 6000 mAh with Rear Display",64GB,Digital Zone,Online store,399,,,Yes,,,,2026-09-26,,4GB,,,,,,https://digitalzone.qa/products/honor-play-20a-4g-4gb-ram-64gb-storage-6-9-6000-mah-smartphone
Phone,Low End,Honor,X5C,64GB,iConnect Qatar,Online store,359,499,,Yes,,,,2026-09-26,,4GB,,,,,,https://iconnectqatar.com/products/honor-x5c-4gb-64gb-midnight-black
Phone,Low End,Honor,X5b,64GB,iConnect Qatar,Online store,239,300,,No,,,,2026-09-26,,4GB,,,,,,https://iconnectqatar.com/products/honor-x5b-4gb-64gb-ocean-blue
Phone,Low End,Honor,X5b Plus,128GB,Digital Zone,Online store,319,,,No,,,,2026-09-26,,4GB,,,,,,https://digitalzone.qa/products/honor-x5b-plus-dual-sim-4gb-ram-128gb-4g-qatar
Phone,Low End,Honor,X5b Plus,128GB,iConnect Qatar,Online store,265,289,,No,,,,2026-09-26,,4GB,,,,,,https://iconnectqatar.com/products/honor-x5b-plus-4gb-128gb-ocean-blue
Phone,Low End,Honor,X5c Plus,128GB,iConnect Qatar,Online store,419,499,,Yes,,,,2026-09-26,,4GB,,,,,,https://iconnectqatar.com/products/honor-x5c-plus-4gb-128gb-midnight-black
Phone,Low End,Honor,X6C,128GB,iConnect Qatar,Online store,489,599,,Yes,,,,2026-09-26,,6GB,,,,,,https://iconnectqatar.com/products/honor-x6c-6gb-128gb-qatar-ocean-cyan
Phone,Low End,Honor,X6C,256GB,Digital Zone,Online store,419,,,No,,,,2026-09-26,,6GB,,,,,,https://digitalzone.qa/products/honor-x6c-4g-256gb-6gb-dual-sim-qatar
Phone,Budget,Honor,X6D,256GB,iConnect Qatar,Online store,619,999,,Yes,,,,2026-09-26,,4GB,,,,,,https://iconnectqatar.com/products/honor-x6d-5g-4gb-256gb-ocean-cyan
Phone,Low End,Honor,X6a,128GB,iConnect Qatar,Online store,279,599,,No,,,,2026-09-26,,4GB,,,,,,https://iconnectqatar.com/products/honor-x6a-4gb-128gb-midnight-black
Phone,Low End,Honor,X6b,128GB,Digital Zone,Online store,359,,,No,,,,2026-09-26,,6GB,,,,,,https://digitalzone.qa/products/honor-x6b-dual-sim-6gb-ram-128gb-4g-midnight-black-qatar
Phone,Low End,Honor,X6b,128GB,iConnect Qatar,Online store,319,500,,No,,,,2026-09-26,,6GB,,,,,,https://iconnectqatar.com/products/honor-x6b-6gb-128gb-forest-green
Phone,Low End,Honor,X6b,256GB,Digital Zone,Online store,409,,,No,,,,2026-09-26,,6GB,,,,,,https://digitalzone.qa/products/honor-x6b-dual-sim-6gb-ram-256gb-4g-midnight-black-qatar
Phone,Low End,Honor,X6b,256GB,iConnect Qatar,Online store,355,389,,No,,,,2026-09-26,,6GB,,,,,,https://iconnectqatar.com/products/honor-x6b-6gb-256gb-midnight-black
Phone,Low End,Honor,X6b - Midnight Black,128GB,iConnect Qatar,Online store,319,500,,No,,,,2026-09-26,,6GB,,,,,,https://iconnectqatar.com/products/honor-x6b-6gb-128gb-midnight-black
Phone,Low End,Honor,X6b - Starry Purple,128GB,iConnect Qatar,Online store,319,389,,No,,,,2026-09-26,,6GB,,,,,,https://iconnectqatar.com/products/honor-x6b-6gb-128gb-starry-purple
Phone,Low End,Honor,X6b - Starry Purple,256GB,iConnect Qatar,Online store,355,389,,No,,,,2026-09-26,,6GB,,,,,,https://iconnectqatar.com/products/honor-x6b-6gb-256gb-starry-purple
Phone,Budget,Honor,X6c,256GB,iConnect Qatar,Online store,539,599,,Yes,,,,2026-09-26,,6GB,,,,,,https://iconnectqatar.com/products/honor-x6c-in-qatar-4g-6gb-256gb-midnight-black
Phone,Budget,Honor,X7D,128GB,iConnect Qatar,Online store,599,699,,Yes,,,,2026-09-26,,6GB,,,,,,https://iconnectqatar.com/products/honor-x7d-5g-6gb-128gb-silver
Phone,Budget,Honor,X7D,256GB,iConnect Qatar,Online store,789,,,Yes,,,,2026-09-26,,8GB,,,,,,https://iconnectqatar.com/products/x7d-5g-8gb-256gb
Phone,Budget,Honor,X7c,256GB,Digital Zone,Online store,549,,,No,,,,2026-09-26,,8GB,,,,,,https://digitalzone.qa/products/honor-x7c-dual-sim-8gb-ram-256gb-4g-qatar
Phone,Low End,Honor,X7c,256GB,iConnect Qatar,Online store,465,600,,No,,,,2026-09-26,,8GB,,,,,,https://iconnectqatar.com/products/honor-x7c-8gb-256gb-midnight-black
Phone,Budget,Honor,X7e 6.61 inch Display 7500mAh Battery,128GB,Digital Zone,Online store,639,,,Yes,,,,2026-09-26,,6GB,,,,,,https://digitalzone.qa/products/honor-x7e-dual-sim-4g-6gb-ram-128gb-qatar
Phone,Budget,Honor,X7e 6.61 inch Display 7500mAh Battery,256GB,Digital Zone,Online store,719,,,Yes,,,,2026-09-26,,6GB,,,,,,https://digitalzone.qa/products/honor-x7e-dual-sim-4g-6gb-256gb-smartphone-qatar
Phone,Budget,Honor,X7e Plus,128GB,iConnect Qatar,Online store,815,999,,Yes,,,,2026-09-26,,6GB,,,,,,https://iconnectqatar.com/products/honor-x7e-plus-5g-6gb-128gb-velvet-black
Phone,Budget,Honor,X7e Plus,256GB,iConnect Qatar,Online store,989,1299,,Yes,,,,2026-09-26,,8GB,,,,,,https://iconnectqatar.com/products/honor-x7e-plus-5g-8gb-256gb-desert-gold
Phone,Budget,Honor,X8B,512GB,Digital Zone,Online store,719,,,No,,,,2026-09-26,,8GB,,,,,,https://digitalzone.qa/products/honor-x8b-4g-8gb-512gb-glamorous-green
Phone,Budget,Honor,X8d,256GB,iConnect Qatar,Online store,699,,,No,,,,2026-09-26,,8GB,,,,,,https://iconnectqatar.com/products/honor-x8d-4g-8gb-256gb-velvet-black
Phone,Mid-Range,Honor,X9D,256GB,Digital Zone,Online store,1249,,,No,,,,2026-09-26,,12GB,,,,,,https://digitalzone.qa/products/honor-x9d-5g-12gb-256gb-smartphone-qatar
Phone,Budget,Honor,X9D,256GB,iConnect Qatar,Online store,1169,1399,,Yes,,,,2026-09-26,,12GB,,,,,,https://iconnectqatar.com/products/honor-x9d-5g-12gb-256gb-midnight-black
Phone,Budget,Honor,X9b Emerald Green with Honor Choice Earbuds X5,256GB,Digital Zone,Online store,1049,,,No,,,,2026-09-26,,12GB,,,,,,https://digitalzone.qa/products/honor-x9b-dual-sim-5g-12gb-ram-256gb-emerald-green-qatar
Phone,Budget,Honor,X9b Midnight Black with Honor Choice Earbuds X5,256GB,Digital Zone,Online store,1049,,,No,,,,2026-09-26,,12GB,,,,,,https://digitalzone.qa/products/honor-x9b-dual-sim-5g-12gb-ram-256gb-midnight-black-qatar
Phone,Budget,Honor,X9b Sunrise Orange,256GB,Digital Zone,Online store,1049,,,No,,,,2026-09-26,,12GB,,,,,,https://digitalzone.qa/products/honor-x9b-dual-sim-5g-12gb-ram-256gb-sunrise-orange-qatar
Phone,Budget,Honor,X9c,256GB,Digital Zone,Online store,949,,,No,,,,2026-09-26,,12GB,,,,,,https://digitalzone.qa/products/honor-x9c-5g-dual-sim-12gb-ram-256gb-storage-qatar
Phone,Budget,Honor,X9c,256GB,iConnect Qatar,Online store,919,1049,,No,,,,2026-09-26,,12GB,,,,,,https://iconnectqatar.com/products/honor-x9c-5g-12gb-256gb-case-earbuds-titanium-purple
Phone,Budget,Honor,X9c Smart,256GB,iConnect Qatar,Online store,749,1100,,No,,,,2026-09-26,,12GB,,,,,,https://iconnectqatar.com/products/honor-x9c-smart-5g-12gb-256gb-ocean-cyan
Phone,Budget,Honor,x7e,128GB,iConnect Qatar,Online store,599,819,,Yes,,,,2026-09-26,,6GB,,,,,,https://iconnectqatar.com/products/honor-x7e-12gb-128gb-orange
Phone,Budget,Honor,x7e,256GB,iConnect Qatar,Online store,699,919,,Yes,,,,2026-09-26,,6GB,,,,,,https://iconnectqatar.com/products/honor-x7e-4g-12gb-256gb-midnight-black
Phone,Budget,Htc,Wildfire E7 Non Camera & Non GPS,128GB,Digital Zone,Online store,529,,,No,,,,2026-09-26,,4GB,,,,,,https://digitalzone.qa/products/htc-wildfire-e7-4g-4gb-128gb-non-camera-no-gps-smartphone
Phone,Flagship,Huawei,Mate XT ULTIMATE DESIGN Dual Card Super Slim Triple-Fold,1TB,Digital Zone,Online store,9999,,,No,,,,2026-09-26,,16GB,,,,,,https://digitalzone.qa/products/huawei-mate-xt-ultimate-design-16gb-1tb-tri-fold-qatar
Phone,Flagship,Huawei,Mate XT Ultimate Design Three Fold,512GB,iConnect Qatar,Online store,8999,10299,,Yes,,,,2026-09-26,,16GB,,,,,,https://iconnectqatar.com/products/huawei-mate-xt-ultimate-design-three-fold-black
Phone,Budget,Huawei,Nova 15 Max,256GB,iConnect Qatar,Online store,1179,1499,,Yes,,,,2026-09-26,,8GB,,,,,,https://iconnectqatar.com/products/huawei-nova-15-max-in-qatar-8gb-256gb-golden-black
Phone,Flagship,Huawei,Pura 90s Pro,256GB,iConnect Qatar,Online store,3099,,,Yes,,,,2026-09-26,,12GB,,,,,,https://iconnectqatar.com/products/huawei-pura-90s-pro-5g-12gb-256gb-huawei-freeclip-2-wireless-earbuds-coconut-white
Phone,Flagship,Huawei,Pura 90s Pro 6000mAh Battery,256GB,Digital Zone,Online store,3299,,,No,,,,2026-09-26,,12GB,,,,,,https://digitalzone.qa/products/huawei-pura-90s-pro-12gb-256gb-smartphone
Phone,Flagship,Huawei,Pura 90s Pro Max,512GB,iConnect Qatar,Online store,3899,,,Yes,,,,2026-09-26,,12GB,,,,,,https://iconnectqatar.com/products/huawei-pura-90s-pro-max-5g-12gb-512gb-huawei-freeclip-2-wireless-earbuds-orange-ocean-now-qr
Phone,Flagship,Huawei,Pura 90s Pro Max 200MP Ultra-Large Sensor Telephoto,512GB,Digital Zone,Online store,3999,,,No,,,,2026-09-26,,12GB,,,,,,https://digitalzone.qa/products/huawei-pura-90s-pro-max-12gb-512gb-smartphone
Phone,Budget,Huawei,"nova 15 Max 8500mAh Battery 6.84"" OLED Display 50MP Rear Camera",256GB,Digital Zone,Online store,1179,,,Yes,,,,2026-09-26,,8GB,,,,,,https://digitalzone.qa/products/huawei-nova-15-max-8gb-256gb-smartphone-8500mah-qatar
Phone,Budget,Infinix,40X 8 256 Green,,iConnect Qatar,Online store,535,599,,No,,,,2026-09-26,,,,,,,,https://iconnectqatar.com/products/infinix-40x-5g-8-256-green
Phone,Budget,Infinix,GT 20 Pro,256GB,iConnect Qatar,Online store,949,1300,,No,,,,2026-09-26,,12GB,,,,,,https://iconnectqatar.com/products/infinix-gt-20-pro-5g-12gb-256gb-mecha-silver
Phone,Budget,Infinix,GT 20 Pro Mecha Orange,256GB,Digital Zone,Online store,1049,,,No,,,,2026-09-26,,12GB,,,,,,https://digitalzone.qa/products/infinix-gt-20-pro-12gb-ram-256gb-storage-mecha-orange
Phone,Budget,Infinix,GT 30 Pro SSD,256GB,iConnect Qatar,Online store,1069,1299,,No,,,,2026-09-26,,12GB,,,,,,https://iconnectqatar.com/products/infinix-gt-30-pro-qatar-5g-12gb-ram-256gb-ssd
Phone,Budget,Infinix,GT 30 Pro X6873,256GB,Digital Zone,Online store,1099,,,No,,,,2026-09-26,,12GB,,,,,,https://digitalzone.qa/products/infinix-gt-30-pro-12gb-256gb-qatar
Phone,Mid-Range,Infinix,GT 50 Pro,256GB,iConnect Qatar,Online store,1889,2149,,Yes,,,,2026-09-26,,12GB,,,,,,https://iconnectqatar.com/products/infinix-gt-50-pro-5g-12gb-256gb-silver-glacier
Phone,Mid-Range,Infinix,"GT 50 Pro 6500mAh Battery 6.78"" 144Hz AMOLED Display for Gaming 2 Years Warranty",256GB,Digital Zone,Online store,1889,,,No,,,,2026-09-26,,12GB,,,,,,https://digitalzone.qa/products/infinix-gt-50-pro-5g-12gb-256gb-smartphone
Phone,Budget,Infinix,GT20 Pro,256GB,Digital Zone,Online store,1049,,,No,,,,2026-09-26,,12GB,,,,,,https://digitalzone.qa/products/infinix-gt20-pro-dual-sim-12gb-ram-256gb-5g-mecha-blue-qatar
Phone,Low End,Infinix,HOT 50i X6531B,256GB,Digital Zone,Online store,369,,,No,,,,2026-09-26,,4GB,,,,,,https://digitalzone.qa/products/infinix-hot-50i-4gb-256gb-4g-titanium-grey-qatar
Phone,Low End,Infinix,Hot 40i,128GB,Digital Zone,Online store,349,,,No,,,,2026-09-26,,4GB,,,,,,https://digitalzone.qa/products/infinix-hot-40i-4g-4gb-128gb-starfall-green
Phone,Low End,Infinix,Hot 40i,128GB,iConnect Qatar,Online store,349,550,,No,,,,2026-09-26,,8GB,,,,,,https://iconnectqatar.com/products/infinix-hot-40i-8gb-128gb-horizon-gold
Phone,Budget,Infinix,Hot 50,256GB,Digital Zone,Online store,519,,,No,,,,2026-09-26,,6GB,,,,,,https://digitalzone.qa/products/infinix-hot-50-6gb-ram-256gb-4g-dual-sim-sleek-black
Phone,Budget,Infinix,Hot 50,256GB,iConnect Qatar,Online store,539,699,,No,,,,2026-09-26,,8GB,,,,,,https://iconnectqatar.com/products/infinix-hot-50-5g-8gb-256gb-vibrant-blue
Phone,Budget,Infinix,Hot 50 Pro Ai Support,256GB,Digital Zone,Online store,699,,,No,,,,2026-09-26,,8GB,,,,,,https://digitalzone.qa/products/infinix-hot-50-pro-plus-dual-sim-8gb-ram-256gb-4g-ai-support-qatar
Phone,Mid-Range,Infinix,Hot 50 Pro Plus,256GB,iConnect Qatar,Online store,1325,,,Yes,,,,2026-09-26,,12GB,,,,,,https://iconnectqatar.com/products/infinix-hot-50-pro-plus-8gb-256gb-titanium-grey
Phone,Low End,Infinix,Hot 50i,128GB,iConnect Qatar,Online store,319,369,,No,,,,2026-09-26,,4GB,,,,,,https://iconnectqatar.com/products/infinix-hot-50i-4gb-128gb-sage-green
Phone,Low End,Infinix,Hot 50i,256GB,iConnect Qatar,Online store,329,469,,No,,,,2026-09-26,,4GB,,,,,,https://iconnectqatar.com/products/infinix-hot-50i-in-qatar-4gb-256gb-titanium-grey
Phone,Low End,Infinix,Hot 50i Sage Green,128GB,Digital Zone,Online store,409,,,No,,,,2026-09-26,,4GB,,,,,,https://digitalzone.qa/products/infinix-hot-50i-4gb-ram-128gb-storage-sage-green
Phone,Low End,Infinix,Hot 50i Sleek Black,128GB,Digital Zone,Online store,359,,,No,,,,2026-09-26,,4GB,,,,,,https://digitalzone.qa/products/infinix-hot-50i-4gb-ram-128gb-storage-sleek-black
Phone,Low End,Infinix,Hot 60,128GB,iConnect Qatar,Online store,469,549,,No,,,,2026-09-26,,6GB,,,,,,https://iconnectqatar.com/products/infinix-hot-60-5g-6gb-128gb-black
Phone,Budget,Infinix,Hot 60 Pro Plus,256GB,iConnect Qatar,Online store,739,819,,Yes,,,,2026-09-26,,8GB,,,,,,https://iconnectqatar.com/products/infinix-hot-60-pro-plus-8gb-256gb-titanium-silver
Phone,Low End,Infinix,Hot 60 X6726B,128GB,Digital Zone,Online store,499,,,No,,,,2026-09-26,,6GB,,,,,,https://digitalzone.qa/products/infinix-hot-60-5g-6gb-128gb-qatar
Phone,Low End,Infinix,Hot 60i,256GB,iConnect Qatar,Online store,499,599,,No,,,,2026-09-26,,8GB,,,,,,https://iconnectqatar.com/products/infinix-hot-60i-5g-8gb-256gb-monsoon-green
Phone,Budget,Infinix,Hot 70,256GB,iConnect Qatar,Online store,819,949,,Yes,,,,2026-09-26,,6GB,,,,,,https://iconnectqatar.com/products/infinix-hot-70-6gb-256gb-infinix-smart-xwatch-night-pulse
Phone,Budget,Infinix,Hot 70 - Silver Dancer,256GB,iConnect Qatar,Online store,819,949,,Yes,,,,2026-09-26,,6GB,,,,,,https://iconnectqatar.com/products/infinix-hot-70-6gb-256gb-infinix-smart-xwatch-silver-dancer
Phone,Budget,Infinix,Hot 70 - Thermo Orange,256GB,iConnect Qatar,Online store,819,949,,Yes,,,,2026-09-26,,6GB,,,,,,https://iconnectqatar.com/products/infinix-hot-70-6gb-256gb-thermo-orange
Phone,Budget,Infinix,Hot 70 Pro,256GB,iConnect Qatar,Online store,1049,1199,,Yes,,,,2026-09-26,,6GB,,,,,,https://iconnectqatar.com/products/infinix-hot-70-pro-5g-6gb-256gb-night-pulse
Phone,Budget,Infinix,Hot50,256GB,Digital Zone,Online store,579,,,No,,,,2026-09-26,,8GB,,,,,,https://digitalzone.qa/products/infinix-hot50-dual-sim-8gb-ram-256gb-5g-qatar
Phone,Budget,Infinix,Hot50 Titanium Grey,256GB,Digital Zone,Online store,519,,,No,,,,2026-09-26,,6GB,,,,,,https://digitalzone.qa/products/infinix-hot-50-dual-sim-6gb-ram-256gb-qatar
Phone,Low End,Infinix,Hot50i,128GB,Digital Zone,Online store,359,,,No,,,,2026-09-26,,4GB,,,,,,https://digitalzone.qa/products/infinix-hot50i-dual-sim-4gb-ram-128gb-4g-titanium-grey-qatar
Phone,Low End,Infinix,Hot50i,256GB,Digital Zone,Online store,329,,,No,,,,2026-09-26,,4GB,,,,,,https://digitalzone.qa/products/infinix-hot50i-dual-sim-4gb-ram-256gb-4g-qatar
Phone,Mid-Range,Infinix,NOTE 50 Pro X6856 256 12,,Digital Zone,Online store,1399,,,No,,,,2026-09-26,,,,,,,,https://digitalzone.qa/products/infinix-note-50-pro-plus-5g-12gb-256gb-qatar
Phone,Budget,Infinix,NOTE 50s,256GB,Digital Zone,Online store,799,,,No,,,,2026-09-26,,8GB,,,,,,https://digitalzone.qa/products/infinix-note-50s-5g-8gb-256gb-qatar
Phone,Budget,Infinix,Note 40,256GB,Digital Zone,Online store,859,,,No,,,,2026-09-26,,8GB,,,,,,https://digitalzone.qa/products/infinix-note-40-5g-8gb-256gb-titan-gold
Phone,Budget,Infinix,Note 40 Pro,256GB,Digital Zone,Online store,939,,,No,,,,2026-09-26,,8GB,,,,,,https://digitalzone.qa/products/infinix-note-40-pro-5g-8gb-256gb-obsidian-black
Phone,Budget,Infinix,Note 40X,256GB,iConnect Qatar,Online store,535,699,,No,,,,2026-09-26,,8GB,,,,,,https://iconnectqatar.com/products/infinix-40x-5g-8gb-256gb
Phone,Mid-Range,Infinix,Note 50 Pro Plus,256GB,iConnect Qatar,Online store,1349,1489,,No,,,,2026-09-26,,12GB,,,,,,https://iconnectqatar.com/products/infinix-note-50-pro-plus-qatar-5g-12-gb-256gb
Phone,Budget,Infinix,Note 50S,256GB,iConnect Qatar,Online store,789,799,,No,,,,2026-09-26,,8GB,,,,,,https://iconnectqatar.com/products/infinix-note-50s-5g-8gb-256gb-marine-drift-blue
Phone,Budget,Infinix,Note 50X,256GB,iConnect Qatar,Online store,649,699,,No,,,,2026-09-26,,8GB,,,,,,https://iconnectqatar.com/products/infinix-note-50x-5g-8gb-256gb
Phone,Budget,Infinix,Note 50s Burgundy Red,256GB,Digital Zone,Online store,799,,,No,,,,2026-09-26,,8GB,,,,,,https://digitalzone.qa/products/infinix-note-50s-5g-8gb-256gb-burgundy-red-qatar
Phone,Budget,Infinix,Note 50x X6857 A1,256GB,Digital Zone,Online store,619,,,No,,,,2026-09-26,,8GB,,,,,,https://digitalzone.qa/products/infinix-note-50x-5g-x6857-a1-8gb-256gb-qatar
Phone,Mid-Range,Infinix,Note 60 Pro,256GB,iConnect Qatar,Online store,1379,1699,,Yes,,,,2026-09-26,,8GB,,,,,,https://iconnectqatar.com/products/infinix-note-60-pro-5g-8gb-256gb-dark-blue
Phone,Budget,Infinix,Note Edge,256GB,iConnect Qatar,Online store,889,1399,,Yes,,,,2026-09-26,,8GB,,,,,,https://iconnectqatar.com/products/infinix-note-edge-5g-8gb-256gb-stellar-blue
Phone,Budget,Infinix,Note Edge - Lunar TItanium,256GB,Digital Zone,Online store,939,,,Yes,,,,2026-09-26,,8GB,,,,,,https://digitalzone.qa/products/infinix-note-edge-5g-8gb-256gb-lunar-titanium-qatar
Phone,Low End,Infinix,Smart 10,256GB,iConnect Qatar,Online store,285,329,,No,,,,2026-09-26,,4GB,,,,,,https://iconnectqatar.com/products/infinix-smart-10-in-qatar-4g-4gb-256gb-sleek-black
Phone,Low End,Infinix,Smart 10 Plus,128GB,iConnect Qatar,Online store,299,319,,No,,,,2026-09-26,,4GB,,,,,,https://iconnectqatar.com/products/infinix-smart-10-plus-in-qatar-4gb-128gb-titanium-silver
Phone,Budget,Infinix,Smart 20,128GB,iConnect Qatar,Online store,519,599,,Yes,,,,2026-09-26,,4GB,,,,,,https://iconnectqatar.com/products/infinix-smart-20-4gb-128gb-cloudline-blue
Phone,Low End,Infinix,Smart 20,64GB,iConnect Qatar,Online store,419,539,,Yes,,,,2026-09-26,,4GB,,,,,,https://iconnectqatar.com/products/infinix-smart-20-4gb-64gb
Phone,Low End,Infinix,Smart 8,64GB,Digital Zone,Online store,269,,,No,,,,2026-09-26,,3GB,,,,,,https://digitalzone.qa/products/infinix-smart-8-lte-3gb-64gb-crystal-green
Phone,Low End,Infinix,Smart 8 Pro,128GB,Digital Zone,Online store,329,,,No,,,,2026-09-26,,4GB,,,,,,https://digitalzone.qa/products/infinix-smart-8-pro-lte-4gb-128gb-shiny-gold
Phone,Low End,Infinix,Smart 9,128GB,Digital Zone,Online store,319,,,No,,,,2026-09-26,,4GB,,,,,,https://digitalzone.qa/products/infinix-smart-9-dual-sim-4gb-ram-128gb-storage-4g
Phone,Low End,Infinix,Smart 9 HD,64GB,iConnect Qatar,Online store,229,400,,No,,,,2026-09-26,,3GB,,,,,,https://iconnectqatar.com/products/infinix-smart-9-3gb-64gb-neo-titanium
Phone,Low End,Infinix,Smart 9HD,64GB,Digital Zone,Online store,269,,,No,,,,2026-09-26,,3GB,,,,,,https://digitalzone.qa/products/infinix-smart-9hd-dual-sim-3gb-ram-64gb-qatar
Phone,Low End,Itel,A100CS,128GB,iConnect Qatar,Online store,335,399,,Yes,,,,2026-09-26,,3GB,,,,,,https://iconnectqatar.com/products/itel-a100cs-3gb-128gb-natural-black
Phone,Low End,Itel,A100Cs,128GB,Digital Zone,Online store,359,,,Yes,,,,2026-09-26,,3GB,,,,,,https://digitalzone.qa/products/itel-a100cs-4g-3gb-128gb-smartphone
Phone,Low End,Itel,A200,128GB,iConnect Qatar,Online store,349,,,Yes,,,,2026-09-26,,3GB,,,,,,https://iconnectqatar.com/products/itel-a200-3gb-128gb-comet-orange
Phone,Low End,Itel,A200 A675L,128GB,Digital Zone,Online store,369,,,Yes,,,,2026-09-26,,3GB,,,,,,https://digitalzone.qa/products/itel-a200-a675l-4g-3gb-128gb-smartphone
Phone,Low End,Itel,A50,128GB,iConnect Qatar,Online store,209,,,No,,,,2026-09-26,,3GB,,,,,,https://iconnectqatar.com/products/itel-a50-4g-3gb-128gb-misty-black
Phone,Low End,Itel,A50,256GB,iConnect Qatar,Online store,259,,,No,,,,2026-09-26,,4GB,,,,,,https://iconnectqatar.com/products/itel-a50-4g-4gb-256gb-lime-green
Phone,Low End,Itel,P70,128GB,iConnect Qatar,Online store,249,,,No,,,,2026-09-26,,4GB,,,,,,https://iconnectqatar.com/products/itel-p70-4g-4gb-128gb-black
Phone,Low End,Itel,S25 Ultra,256GB,iConnect Qatar,Online store,499,519,,No,,,,2026-09-26,,8GB,,,,,,https://iconnectqatar.com/products/itel-s25-ultra-8gb-256gb-black-in-qatar
Phone,Low End,Lava,Benco S1 Pro,256GB,iConnect Qatar,Online store,309,1199,,No,,,,2026-09-26,,8GB,,,,,,https://iconnectqatar.com/products/lava-benco-s1-pro-8gb-256gb-gemstone-black
Phone,Low End,Lava,Benco V91,128GB,iConnect Qatar,Online store,239,449,,No,,,,2026-09-26,,8GB,,,,,,https://iconnectqatar.com/products/lava-benco-v91-in-qatar-8gb-128gb-midnight-black
Phone,Low End,Lava,Blaze,128GB,iConnect Qatar,Online store,329,,,No,,,,2026-09-26,,6GB,,,,,,https://iconnectqatar.com/products/lava-blaze-5g-6gb-128gb-glass-green
Phone,Low End,Motorola,E15,64GB,iConnect Qatar,Online store,225,229,,No,,,,2026-09-26,,2GB,,,,,,https://iconnectqatar.com/products/motorola-e15-2gb-64gb-misty-blue
Phone,Mid-Range,Motorola,Edge 40 Neo,256GB,Digital Zone,Online store,1299,,,No,,,,2026-09-26,,12GB,,,,,,https://digitalzone.qa/products/motorola-edge-40-neo-12gb-256gb
Phone,Mid-Range,Motorola,Edge 50 Fusion,512GB,Digital Zone,Online store,1349,,,No,,,,2026-09-26,,12GB,,,,,,https://digitalzone.qa/products/motorola-edge-50-fusion-5g-12gb-512gb
Phone,Mid-Range,Motorola,Edge 50 Pro,512GB,Digital Zone,Online store,1999,,,No,,,,2026-09-26,,12GB,,,,,,https://digitalzone.qa/products/motorola-edge-50-pro-12gb-512gb
Phone,Budget,Motorola,Edge 60 Fusion,256GB,iConnect Qatar,Online store,999,1099,,Yes,,,,2026-09-26,,12GB,,,,,,https://iconnectqatar.com/products/motorola-edge-60-fusion-5g-in-qatar-12gb-256gb
Phone,Mid-Range,Motorola,Edge 60 Pro,512GB,iConnect Qatar,Online store,1549,2799,,No,,,,2026-09-26,,12GB,,,,,,https://iconnectqatar.com/products/motorola-edge-60-pro-qatar-dazzling-blue
Phone,Budget,Motorola,Edge 60 Stylus,256GB,iConnect Qatar,Online store,759,969,,No,,,,2026-09-26,,8GB,,,,,,https://iconnectqatar.com/products/motorola-edge-60-stylus-5g-8gb-256gb
Phone,Budget,Motorola,Edge 60 Stylus - Pantone Surf the Web,256GB,iConnect Qatar,Online store,759,969,,No,,,,2026-09-26,,8GB,,,,,,https://iconnectqatar.com/products/motorola-edge-60-stylus-in-qatar-pantone-surf-the-web
Phone,Mid-Range,Motorola,Edge 70,512GB,iConnect Qatar,Online store,1529,1999,,Yes,,,,2026-09-26,,12GB,,,,,,https://iconnectqatar.com/products/motorola-edge-70-5g-12gb-512gb-bronze-green
Phone,Mid-Range,Motorola,Edge 70 - Pantone Lily Pad,512GB,iConnect Qatar,Online store,1529,1999,,Yes,,,,2026-09-26,,12GB,,,,,,https://iconnectqatar.com/products/motorola-edge-70-price-in-qatar-5g-12gb-512gb-pantone-lily-pad
Phone,Budget,Motorola,Edge 70 Fusion ),256GB,iConnect Qatar,Online store,1189,1499,,Yes,,,,2026-09-26,,12GB,,,,,,https://iconnectqatar.com/products/motorola-edge-70-fusion-5g-12gb-256gb-moto-charger-moto-earbuds-motocare-month-screen-protection-protective-case-pantone-country-air
Phone,Budget,Motorola,Edge 70 Fusion )- Pantone Silhouette,256GB,iConnect Qatar,Online store,1189,1499,,Yes,,,,2026-09-26,,12GB,,,,,,https://iconnectqatar.com/products/motorola-edge-70-fusion-5g-12gb-256gb-moto-charger-moto-earbuds-motocare-6-month-screen-protection-protective-case-pantone-silhouette
Phone,Budget,Motorola,Edge 70 Fusion )- Sporting Green,256GB,iConnect Qatar,Online store,1189,1499,,Yes,,,,2026-09-26,,12GB,,,,,,https://iconnectqatar.com/products/motorola-edge-70-fusion-5g-12gb-256gb-smart-watch-yh-1000-sporting-green
Phone,Low End,Motorola,G04,64GB,Digital Zone,Online store,299,,,No,,,,2026-09-26,,4GB,,,,,,https://digitalzone.qa/products/motorola-g04-4g-4gb-64gb
Phone,Low End,Motorola,G05,128GB,iConnect Qatar,Online store,267,299,,No,,,,2026-09-26,,4GB,,,,,,https://iconnectqatar.com/products/motorola-g05-4gb-128gb-forest-green
Phone,Low End,Motorola,G05,256GB,iConnect Qatar,Online store,399,499,,Yes,,,,2026-09-26,,4GB,,,,,,https://iconnectqatar.com/products/motorola-g05-4gb-256gb-plum-red
Phone,Low End,Motorola,G06,64GB,iConnect Qatar,Online store,369,399,,Yes,,,,2026-09-26,,4GB,,,,,,https://iconnectqatar.com/products/motorola-g06-4gb-64gb-pantone-tapestry
Phone,Low End,Motorola,G15,256GB,iConnect Qatar,Online store,379,429,,No,,,,2026-09-26,,8GB,,,,,,https://iconnectqatar.com/products/motorola-g15-8gb-256gb-gravity-grey
Phone,Low End,Motorola,G24 Power,256GB,Digital Zone,Online store,499,,,No,,,,2026-09-26,,8GB,,,,,,https://digitalzone.qa/products/motorola-g24-power-4g-8gb-256gb
Phone,Budget,Motorola,G54,256GB,Digital Zone,Online store,519,,,No,,,,2026-09-26,,8GB,,,,,,https://digitalzone.qa/products/motorola-g54-5g-8gb-256gb
Phone,Budget,Motorola,G56,256GB,Digital Zone,Online store,659,,,No,,,,2026-09-26,,12GB,,,,,,https://digitalzone.qa/products/motorola-g56-5g-12gb-256gb-pantone-black-oyster-qatar
Phone,Budget,Motorola,G56,256GB,iConnect Qatar,Online store,679,799,,No,,,,2026-09-26,,12GB,,,,,,https://iconnectqatar.com/products/motorola-g56-in-qatar-5g-12gb-256gb-pantone-black-oyster
Phone,Budget,Motorola,G77,256GB,iConnect Qatar,Online store,829,999,,Yes,,,,2026-09-26,,8GB,,,,,,https://iconnectqatar.com/products/motorola-g77-5g-8gb-256gb-pantone-black-olive
Phone,Budget,Motorola,G77 - Pantone Shaded Spruce,256GB,iConnect Qatar,Online store,829,999,,Yes,,,,2026-09-26,,8GB,,,,,,https://iconnectqatar.com/products/motorola-g77-5g-8gb-256gb-pantone-shaded-spruce
Phone,Budget,Motorola,G84,256GB,Digital Zone,Online store,799,,,No,,,,2026-09-26,,12GB,,,,,,https://digitalzone.qa/products/motorola-g84-5g-12gb-256gb
Phone,Budget,Motorola,G85,256GB,Digital Zone,Online store,949,,,No,,,,2026-09-26,,12GB,,,,,,https://digitalzone.qa/products/motorola-g85-5g-12gb-256gb-urban-grey
Phone,Budget,Motorola,G86 Power,512GB,iConnect Qatar,Online store,829,999,,No,,,,2026-09-26,,8GB,,,,,,https://iconnectqatar.com/products/motorola-g86-power-5g-8gb-512gb-spellbound
Phone,Low End,Motorola,Moto E14,64GB,iConnect Qatar,Online store,199,250,,No,,,,2026-09-26,,2GB,,,,,,https://iconnectqatar.com/products/motorola-moto-e14-2gb-64gb-pastel-purple
Phone,Low End,Motorola,Moto G04S,128GB,iConnect Qatar,Online store,265,320,,No,,,,2026-09-26,,4GB,,,,,,https://iconnectqatar.com/products/motorola-moto-g04s-4g-4gb-128gb-sunrise-orange
Phone,Low End,Motorola,Moto G06,128GB,Digital Zone,Online store,409,,,Yes,,,,2026-09-26,,4GB,,,,,,https://digitalzone.qa/products/motorola-moto-g06-4g-lte-4gb-128gb-pantone-laurel-oak
Phone,Low End,Motorola,Moto G06,128GB,iConnect Qatar,Online store,399,599,,Yes,,,,2026-09-26,,4GB,,,,,,https://iconnectqatar.com/products/motorola-moto-g06-price-in-qatar-4gb-128gb-pantone-tendril
Phone,Low End,Motorola,Moto G17,128GB,iConnect Qatar,Online store,485,669,,Yes,,,,2026-09-26,,4GB,,,,,,https://iconnectqatar.com/products/motorola-moto-g17-12gb-128gb-pantone-bordeaux
Phone,Low End,Motorola,Moto G24,128GB,Digital Zone,Online store,399,,,No,,,,2026-09-26,,8GB,,,,,,https://digitalzone.qa/products/motorola-moto-g24-4g-8gb-128gb-ice-green
Phone,Budget,Motorola,Moto G35,128GB,iConnect Qatar,Online store,535,599,,No,,,,2026-09-26,,8GB,,,,,,https://iconnectqatar.com/products/motorola-moto-g35-5g-8gb-128gb-leaf-green
Phone,Low End,Motorola,Moto G35,256GB,iConnect Qatar,Online store,499,549,,No,,,,2026-09-26,,8GB,,,,,,https://iconnectqatar.com/products/buy-motorola-moto-g35-5g-qatar-iconnect-qatar
Phone,Budget,Motorola,Moto G37,128GB,iConnect Qatar,Online store,579,699,,Yes,,,,2026-09-26,,4GB,,,,,,https://iconnectqatar.com/products/motorola-moto-g37-5g-12gb-128gb-pantone-nautical-blue
Phone,Budget,Motorola,Moto G56,256GB,Digital Zone,Online store,699,,,No,,,,2026-09-26,,12GB,,,,,,https://digitalzone.qa/products/motorola-moto-g56-5g-12gb-256gb-smartphone-qatar
Phone,Budget,Motorola,Moto G75,256GB,iConnect Qatar,Online store,579,750,,No,,,,2026-09-26,,8GB,,,,,,https://iconnectqatar.com/products/motorola-moto-g75-5g-8gb-256gb-charcoal-grey
Phone,Budget,Motorola,Moto G85,256GB,Digital Zone,Online store,949,,,No,,,,2026-09-26,,12GB,,,,,,https://digitalzone.qa/products/motorola-moto-g85-5g-12gb-256gb-cobalt-blue
Phone,Budget,Motorola,Moto G85,256GB,iConnect Qatar,Online store,719,800,,No,,,,2026-09-26,,12GB,,,,,,https://iconnectqatar.com/products/motorola-moto-g85-5g-12gb-256gb-viva-magenta
Phone,Budget,Motorola,Moto G85 -Urban Grey,256GB,iConnect Qatar,Online store,719,799,,No,,,,2026-09-26,,12GB,,,,,,https://iconnectqatar.com/products/motorola-moto-g85-qatar-5g-12gb-256gb-urban-grey
Phone,Flagship,Motorola,Razr 60 Ultra,512GB,iConnect Qatar,Online store,2699,3699,,No,,,,2026-09-26,,16GB,,,,,,https://iconnectqatar.com/products/motorola-razr-60-ultra-16gb-512gb-pantone-scarab
Phone,Flagship,Motorola,Signature,512GB,iConnect Qatar,Online store,3059,4359,,Yes,,,,2026-09-26,,16GB,,,,,,https://iconnectqatar.com/products/motorola-signature-16gb-512gb-pantone-martini-olive
Phone,Low End,Motorola,moto G06 power,256GB,iConnect Qatar,Online store,439,499,,Yes,,,,2026-09-26,,4GB,,,,,,https://iconnectqatar.com/products/motorola-moto-g06-power-4gb-256gb-pantone-tendril
Phone,Low End,Nokia,105 DS Feature Phone,,Digital Zone,Online store,59,,,No,,,,2026-09-26,,,,,,,,https://digitalzone.qa/products/nokia-105-feature-phone-blue
Phone,Low End,Nokia,105 Feature Phone Blue TA-1416,,Digital Zone,Online store,79,,,No,,,,2026-09-26,,,,,,,,https://digitalzone.qa/products/nokia-105-4g-ds-feature-phone-blue
Phone,Low End,Nokia,106 DS 2023,,Digital Zone,Online store,69,,,No,,,,2026-09-26,,,,,,,,https://digitalzone.qa/products/nokia-106-ds-keypad-phone-green
Phone,Low End,Nokia,110 2023 DS GCC TA-1543,,iConnect Qatar,Online store,119,,,No,,,,2026-09-26,,,,,,,,https://iconnectqatar.com/products/nokia-110-4g-arctic-purple-qatar
Phone,Low End,Nokia,125 2024 DS GCC TA-1663,,iConnect Qatar,Online store,109,,,No,,,,2026-09-26,,,,,,,,https://iconnectqatar.com/products/nokia-125-4g-blue-qatar
Phone,Low End,Nokia,215 2024 DS GCC TA-1613,,iConnect Qatar,Online store,155,,,No,,,,2026-09-26,,,,,,,,https://iconnectqatar.com/products/nokia-215-4g-black-qatar
Phone,Low End,Nokia,235 DS GCC TA-1614,,iConnect Qatar,Online store,179,,,No,,,,2026-09-26,,,,,,,,https://iconnectqatar.com/products/nokia-235-4g-black-qatar
Phone,Low End,Nokia,3210 DS GCC TA-1618,,iConnect Qatar,Online store,199,,,Yes,,,,2026-09-26,,,,,,,,https://iconnectqatar.com/products/nokia-3210-4g-qatar
Phone,Low End,Nokia,6310 Feature Phone 8 MB 16 MB Black TA-1607 DS,,Digital Zone,Online store,159,,,No,,,,2026-09-26,,,,,,,,https://digitalzone.qa/products/nokia-6310-ds-keypad-phone-black
Phone,Low End,Nokia,C12 Pro,64GB,Digital Zone,Online store,299,,,No,,,,2026-09-26,,4GB,,,,,,https://digitalzone.qa/products/nokia-c12-pro-4gb-64gb-charcoal
Phone,Low End,Nokia,C2 2nd Edition DS,32GB,Digital Zone,Online store,199,,,No,,,,2026-09-26,,2GB,,,,,,https://digitalzone.qa/products/nokia-c2-2nd-edition-ds-lte-2gb-32gb-blue
Phone,Low End,Nokia,C32 DS,128GB,Digital Zone,Online store,359,,,No,,,,2026-09-26,,6GB,,,,,,https://digitalzone.qa/products/nokia-c32-ds-6gb-128gb-autumn-green
Phone,Low End,Nokia,G22 DS,256GB,Digital Zone,Online store,399,,,No,,,,2026-09-26,,6GB,,,,,,https://digitalzone.qa/products/nokia-g22-ds-6gb-256gb-meteor-grey
Phone,Budget,Nokia,G42 DS,256GB,Digital Zone,Online store,599,,,No,,,,2026-09-26,,8GB,,,,,,https://digitalzone.qa/products/nokia-g42-5g-ds-8gb-256gb-pink
Phone,Budget,Nothing,3a Lite,128GB,iConnect Qatar,Online store,739,919,,No,,,,2026-09-26,,8GB,,,,,,https://iconnectqatar.com/products/nothing-3a-lite-8gb-256gb-white
Phone,Budget,Nothing,CMF Phone 2 Pro,128GB,iConnect Qatar,Online store,789,869,,No,,,,2026-09-26,,8GB,,,,,,https://iconnectqatar.com/products/nothing-cmf-phone-2-pro-8gb-128gb-orange-in-qatar
Phone,Budget,Nothing,CMF Phone 2 Pro,256GB,iConnect Qatar,Online store,989,1039,,Yes,,,,2026-09-26,,8GB,,,,,,https://iconnectqatar.com/products/nothing-cmf-phone-2-pro-5g-8gb-256gb-white
Phone,Budget,Nothing,Phone 2a,256GB,iConnect Qatar,Online store,799,1189,,No,,,,2026-09-26,,12GB,,,,,,https://iconnectqatar.com/products/nothing-phone-2a-12gb-256gb-milk
Phone,Budget,Nothing,Phone 2a Plus,256GB,iConnect Qatar,Online store,1145,1269,,Yes,,,,2026-09-26,,12GB,,,,,,https://iconnectqatar.com/products/nothing-phone-2a-price-in-qatar-plus-black
Phone,Mid-Range,Nothing,Phone 3,256GB,iConnect Qatar,Online store,2439,2699,,Yes,,,,2026-09-26,,12GB,,,,,,https://iconnectqatar.com/products/nothing-phone-3-qatar-12gb-256gb-white
Phone,Mid-Range,Nothing,Phone 3 - Black,256GB,iConnect Qatar,Online store,2439,2699,,Yes,,,,2026-09-26,,12GB,,,,,,https://iconnectqatar.com/products/nothing-phone-3-in-qatar-12gb-256gb-black
Phone,Flagship,Nothing,Phone 3 - Black,512GB,iConnect Qatar,Online store,2749,3269,,Yes,,,,2026-09-26,,16GB,,,,,,https://iconnectqatar.com/products/nothing-phone-3-qatar
Phone,Flagship,Nothing,Phone 3 - White,512GB,iConnect Qatar,Online store,2749,3269,,Yes,,,,2026-09-26,,16GB,,,,,,https://iconnectqatar.com/products/nothing-phone-3-in-qatar-512-gb
Phone,Budget,Nothing,Phone 3A,128GB,iConnect Qatar,Online store,1075,1199,,No,,,,2026-09-26,,8GB,,,,,,https://iconnectqatar.com/products/nothing-phone-3a-qatar-8gb-128gb-black
Phone,Mid-Range,Nothing,Phone 3A,256GB,iConnect Qatar,Online store,1279,1399,,No,,,,2026-09-26,,12GB,,,,,,https://iconnectqatar.com/products/nothing-phone-3a-qatar-12gb-256gb-blue
Phone,Mid-Range,Nothing,Phone 3A Pro,256GB,iConnect Qatar,Online store,1519,1899,,Yes,,,,2026-09-26,,12GB,,,,,,https://iconnectqatar.com/products/nothing-phone-3a-pro-qatar-12gb-256gb-black
Phone,Mid-Range,Nothing,Phone 4A,256GB,iConnect Qatar,Online store,1549,,,Yes,,,,2026-09-26,,12GB,,,,,,https://iconnectqatar.com/products/nothing-phone-4a-qatar-12gb-256gb-white
Phone,Mid-Range,Nothing,Phone 4A Pro,256GB,iConnect Qatar,Online store,2399,2499,,Yes,,,,2026-09-26,,12GB,,,,,,https://iconnectqatar.com/products/nothing-phone-4a-pro-12gb-256gb-black
Phone,Mid-Range,Nothing,Phone 4A Pro - Silver,256GB,iConnect Qatar,Online store,2399,2499,,Yes,,,,2026-09-26,,12GB,,,,,,https://iconnectqatar.com/products/nothing-phone-4a-pro-price-in-qatar-12gb-256gb-silver
Phone,Flagship,Nubia,Red Magic 10 Pro,256GB,iConnect Qatar,Online store,2649,3099,,No,,,,2026-09-26,,12GB,,,,,,https://iconnectqatar.com/products/nubia-red-magic-10-pro-12gb-256gb-lightspeed
Phone,Flagship,Nubia,Red Magic 10 Pro,512GB,iConnect Qatar,Online store,3099,3499,,No,,,,2026-09-26,,16GB,,,,,,https://iconnectqatar.com/products/nubia-red-magic-10-pro-16gb-512gb-moonlight
Phone,Mid-Range,Nubia,Red Magic 9 pro,256GB,iConnect Qatar,Online store,2299,2899,,No,,,,2026-09-26,,12GB,,,,,,https://iconnectqatar.com/products/nubia-red-magic-9-pro-5g-12gb-256gb-cyclone
Phone,Flagship,Nubia,Red Magic 9 pro,512GB,iConnect Qatar,Online store,2899,3399,,No,,,,2026-09-26,,16GB,,,,,,https://iconnectqatar.com/products/nubia-red-magic-9-pro-5g-1gb-gb-cyclone
Phone,Mid-Range,Nubia,Red Magic 9s pro,256GB,iConnect Qatar,Online store,2499,2999,,No,,,,2026-09-26,,12GB,,,,,,https://iconnectqatar.com/products/nubia-red-magic-9s-pro-5g-12gb-256gb-design-sleet
Phone,Flagship,Nubia,Red Magic 9s pro,512GB,iConnect Qatar,Online store,2599,3199,,No,,,,2026-09-26,,16GB,,,,,,https://iconnectqatar.com/products/nubia-red-magic-9s-pro-5g-12gb-512gb-snowfall
Phone,Flagship,Nubia,Redmagic 11 Air,512GB,iConnect Qatar,Online store,2649,3299,,Yes,,,,2026-09-26,,16GB,,,,,,https://iconnectqatar.com/products/nubia-redmagic-11-air-in-qatar-5g-16gb-512gb-phantome
Phone,Flagship,Nubia,Redmagic 11 Pro,1TB,iConnect Qatar,Online store,4444,4899,,Yes,,,,2026-09-26,,24GB,,,,,,https://iconnectqatar.com/products/nubia-redmagic-11-pro-price-in-qatar-5g-24gb-1tb-nightfreeze
Phone,Flagship,Nubia,Redmagic 11 Pro,256GB,iConnect Qatar,Online store,3169,3499,,Yes,,,,2026-09-26,,12GB,,,,,,https://iconnectqatar.com/products/buy-nubia-redmagic-11-pro-price-in-qatar-5g-12gb-256gb-cryo
Phone,Flagship,Nubia,Redmagic 11 Pro,512GB,iConnect Qatar,Online store,3999,4299,,Yes,,,,2026-09-26,,16GB,,,,,,https://iconnectqatar.com/products/nubia-redmagic-11-pro-5g-16gb-512gb-subzero
Phone,Flagship,Nubia,Redmagic 11 air,256GB,iConnect Qatar,Online store,2519,2999,,Yes,,,,2026-09-26,,12GB,,,,,,https://iconnectqatar.com/products/nubia-redmagic-11-air-5g-12gb-256gb-phantome
Phone,Flagship,Nubia,Redmagic 11S Pro,256GB,iConnect Qatar,Online store,3399,3999,,Yes,,,,2026-09-26,,12GB,,,,,,https://iconnectqatar.com/products/nubia-redmagic-11s-pro-5g-12gb-256gb-nightfreeze
Phone,Flagship,Nubia,Redmagic 11S Pro,512GB,iConnect Qatar,Online store,3849,4299,,Yes,,,,2026-09-26,,16GB,,,,,,https://iconnectqatar.com/products/nubia-redmagic-11s-pro-price-in-qatar-5g-16gb-512gb-nightfreeze
Phone,Mid-Range,Nubia,Z70 Ultra,256GB,iConnect Qatar,Online store,2359,3199,,No,,,,2026-09-26,,12GB,,,,,,https://iconnectqatar.com/products/nubia-z70-ultra-5g-12gb-256gb-black
Phone,Mid-Range,Nubia,Z70 Ultra,512GB,iConnect Qatar,Online store,2499,3499,,No,,,,2026-09-26,,16GB,,,,,,https://iconnectqatar.com/products/nubia-z70-ultra-5g-16gb-512gb-black
Phone,Mid-Range,OnePlus,13,256GB,iConnect Qatar,Online store,2319,2899,,Yes,,,,2026-09-26,,12GB,,,,,,https://iconnectqatar.com/products/oneplus-13-5g-12gb-256gb-arctic-dawn
Phone,Flagship,OnePlus,13,512GB,iConnect Qatar,Online store,2649,3099,,Yes,,,,2026-09-26,,16GB,,,,,,https://iconnectqatar.com/products/oneplus-13-5g-16gb-512gb-arctic-dawn-oneplus-phones-in-qatar
Phone,Mid-Range,OnePlus,13R,256GB,iConnect Qatar,Online store,1779,1999,,Yes,,,,2026-09-26,,12GB,,,,,,https://iconnectqatar.com/products/oneplus-13r-5g-12gb-256gb-nebula-noir
Phone,Mid-Range,OnePlus,13R,512GB,iConnect Qatar,Online store,1829,2199,,Yes,,,,2026-09-26,,16GB,,,,,,https://iconnectqatar.com/products/oneplus-13r-5g-16gb-512gb-nebula-noir
Phone,Mid-Range,OnePlus,13s,256GB,iConnect Qatar,Online store,2169,2599,,Yes,,,,2026-09-26,,12GB,,,,,,https://iconnectqatar.com/products/oneplus-13s-5g-12gb-256gb-green-silk
Phone,Mid-Range,OnePlus,13s,512GB,iConnect Qatar,Online store,2269,2899,,Yes,,,,2026-09-26,,12GB,,,,,,https://iconnectqatar.com/products/oneplus-13s-in-qatar-5g-12gb-512gb-black-velvet
Phone,Flagship,OnePlus,15,1TB,iConnect Qatar,Online store,3749,3899,,Yes,,,,2026-09-26,,16GB,,,,,,https://iconnectqatar.com/products/oneplus-15-price-in-qatar-5g-16gb-1tb-sand-storm
Phone,Flagship,OnePlus,15,256GB,iConnect Qatar,Online store,2829,3199,,Yes,,,,2026-09-26,,12GB,,,,,,https://iconnectqatar.com/products/oneplus-15-price-in-qatar-5g-12gb-256gb-sand-storm
Phone,Flagship,OnePlus,15,512GB,iConnect Qatar,Online store,3349,3799,,Yes,,,,2026-09-26,,16GB,,,,,,https://iconnectqatar.com/products/oneplus-15-price-in-qatar-5g-16gb-512gb-infinity-black
Phone,Budget,OnePlus,9RT,256GB,iConnect Qatar,Online store,1149,1599,,Yes,,,,2026-09-26,,12GB,,,,,,https://iconnectqatar.com/products/oneplus-9rt-5g-12gb-256gb
Phone,Mid-Range,OnePlus,Nord 4,512GB,iConnect Qatar,Online store,1279,1699,,No,,,,2026-09-26,,16GB,,,,,,https://iconnectqatar.com/products/oneplus-nord-4-5g-16gb-512gb-obsidian-midnight
Phone,Mid-Range,OnePlus,Nord 5,512GB,iConnect Qatar,Online store,1499,1899,,Yes,,,,2026-09-26,,12GB,,,,,,https://iconnectqatar.com/products/oneplus-nord-5-5g-12gb-512gb-phantom-grey
Phone,Mid-Range,OnePlus,Nord 6,256GB,iConnect Qatar,Online store,1649,1999,,Yes,,,,2026-09-26,,8GB,,,,,,https://iconnectqatar.com/products/oneplus-nord-6-price-in-qatar-5g-8gb-256gb-pitch-black
Phone,Budget,OnePlus,Nord CE 5,256GB,iConnect Qatar,Online store,969,1089,,Yes,,,,2026-09-26,,8GB,,,,,,https://iconnectqatar.com/products/oneplus-nord-ce-5-5g-8gb-256gb-black-infinity
Phone,Mid-Range,OnePlus,Nord CE 6,256GB,iConnect Qatar,Online store,1339,1399,,Yes,,,,2026-09-26,,8GB,,,,,,https://iconnectqatar.com/products/oneplus-nord-ce-6-5g-8gb-256gb-fresh-blue
Phone,Budget,OnePlus,Nord CE4 Lite,256GB,iConnect Qatar,Online store,709,799,,No,,,,2026-09-26,,8GB,,,,,,https://iconnectqatar.com/products/oneplus-nord-ce4-lite-5g-8gb-256gb-super-silver
Phone,Low End,OnePlus,Nord N20 SE,64GB,iConnect Qatar,Online store,319,499,,No,,,,2026-09-26,,4GB,,,,,,https://iconnectqatar.com/products/oneplus-nord-n20-se-4gb-64gb-celestial-black
Phone,Low End,OnePlus,Nord N30 SE,128GB,iConnect Qatar,Online store,469,600,,No,,,,2026-09-26,,4GB,,,,,,https://iconnectqatar.com/products/oneplus-nord-n30-se-5g-4gb-128gb-black-stalin
Phone,Low End,Oppo,A18,128GB,Digital Zone,Online store,469,,,No,,,,2026-09-26,,4GB,,,,,,https://digitalzone.qa/products/oppo-a18-4g-4gb-128gb
Phone,Budget,Oppo,A3 Pro,256GB,Digital Zone,Online store,919,,,No,,,,2026-09-26,,8GB,,,,,,https://digitalzone.qa/products/oppo-a3-pro-5g-8gb-256gb-starry-black
Phone,Budget,Oppo,A3 Pro,256GB,iConnect Qatar,Online store,795,1100,,No,,,,2026-09-26,,8GB,,,,,,https://iconnectqatar.com/products/oppo-a3-pro-5g-8gb-256gb-starry-black
Phone,Low End,Oppo,A38,128GB,Digital Zone,Online store,479,,,No,,,,2026-09-26,,6GB,,,,,,https://digitalzone.qa/products/oppo-a38-4g-6gb-128gb
Phone,Low End,Oppo,A38,128GB,iConnect Qatar,Online store,429,799,,No,,,,2026-09-26,,6GB,,,,,,https://iconnectqatar.com/products/oppo-a38-5g-8gb-128gb-gold
Phone,Low End,Oppo,A3x,128GB,iConnect Qatar,Online store,379,419,,No,,,,2026-09-26,,4GB,,,,,,https://iconnectqatar.com/products/oppo-a3x-4g-4gb-128gb-nebula-red
Phone,Budget,Oppo,A5,128GB,iConnect Qatar,Online store,519,539,,No,,,,2026-09-26,,6GB,,,,,,https://iconnectqatar.com/products/oppo-a5-price-in-qatar-6gb-128gb
Phone,Budget,Oppo,A5 Pro,256GB,iConnect Qatar,Online store,829,1100,,No,,,,2026-09-26,,8GB,,,,,,https://iconnectqatar.com/products/oppo-a5-pro-5g-8gb-256gb-mocha-brown
Phone,Budget,Oppo,A58,128GB,Digital Zone,Online store,549,,,No,,,,2026-09-26,,8GB,,,,,,https://digitalzone.qa/products/oppo-a58-4g-8gb-128gb
Phone,Low End,Oppo,A5i,128GB,iConnect Qatar,Online store,359,469,,No,,,,2026-09-26,,4GB,,,,,,https://iconnectqatar.com/products/oppo-a5i-4gb-128gb-nebula-red
Phone,Low End,Oppo,A5x,128GB,iConnect Qatar,Online store,395,509,,No,,,,2026-09-26,,4GB,,,,,,https://iconnectqatar.com/products/oppo-a5x-4g-4gb-128gb-midnight-blue
Phone,Budget,Oppo,A6,256GB,iConnect Qatar,Online store,1179,,,Yes,,,,2026-09-26,,8GB,,,,,,https://iconnectqatar.com/products/oppo-a6-5g-8gb-256gb-aurora-gold
Phone,Budget,Oppo,A6 Pro,256GB,iConnect Qatar,Online store,979,1099,,No,,,,2026-09-26,,8GB,,,,,,https://iconnectqatar.com/products/oppo-a6-pro-qatar-5g-16gb-8gb-8gb-256gb-rosewood-red
Phone,Budget,Oppo,A60,128GB,iConnect Qatar,Online store,589,800,,No,,,,2026-09-26,,6GB,,,,,,https://iconnectqatar.com/products/oppo-a60-5g-6gb-128gb-ocean-blue
Phone,Budget,Oppo,A60,256GB,Digital Zone,Online store,749,,,No,,,,2026-09-26,,8GB,,,,,,https://digitalzone.qa/products/oppo-a60-4g-8gb-256gb
Phone,Budget,Oppo,A6C,128GB,iConnect Qatar,Online store,569,679,,Yes,,,,2026-09-26,,4GB,,,,,,https://iconnectqatar.com/products/oppo-a6c-4gb-128gb-stone-brown
Phone,Budget,Oppo,A6T,256GB,iConnect Qatar,Online store,999,,,Yes,,,,2026-09-26,,6GB,,,,,,https://iconnectqatar.com/products/oppo-a6t-5g-6gb-256gb-crystal-violet
Phone,Budget,Oppo,A6X,128GB,iConnect Qatar,Online store,799,,,Yes,,,,2026-09-26,,4GB,,,,,,https://iconnectqatar.com/products/oppo-a6x-4gb-414gb-plum-purple
Phone,Budget,Oppo,A6X,256GB,iConnect Qatar,Online store,569,699,,Yes,,,,2026-09-26,,4GB,,,,,,https://iconnectqatar.com/products/oppo-a6x-4gb-256gb
Phone,Low End,Oppo,A6X -Plum Purple,128GB,iConnect Qatar,Online store,449,454,,No,,,,2026-09-26,,4GB,,,,,,https://iconnectqatar.com/products/oppo-a6x-4gb-128gb-plum-purple
Phone,Budget,Oppo,A79,256GB,Digital Zone,Online store,949,,,No,,,,2026-09-26,,8GB,,,,,,https://digitalzone.qa/products/oppo-a79-5g-8gb-256gb
Phone,Flagship,Oppo,Find N5,1TB,iConnect Qatar,Online store,7899,8609,,No,,,,2026-09-26,,16GB,,,,,,https://iconnectqatar.com/products/oppo-find-n5-5g-16gb-1tb-purple-in-qatar
Phone,Flagship,Oppo,Find N5,512GB,iConnect Qatar,Online store,4999,6299,,Yes,,,,2026-09-26,,16GB,,,,,,https://iconnectqatar.com/products/oppo-find-n5-16gb-512gb-1-year-screen-protection-warranty-oppo-enco-x3i-misty-white
Phone,Flagship,Oppo,Find N6,512GB,iConnect Qatar,Online store,7399,,,Yes,,,,2026-09-26,,16GB,,,,,,https://iconnectqatar.com/products/oppo-find-n6-price-in-qatar-16gb-512gb-blossom-orange
Phone,Flagship,Oppo,Find N6 With AI Pen,512GB,iConnect Qatar,Online store,9398,,,Yes,,,,2026-09-26,,16GB,,,,,,https://iconnectqatar.com/products/oppo-find-n6-qatar-16gb-512gb-blossom-orange
Phone,Flagship,Oppo,Find X8 Ultra,512GB,iConnect Qatar,Online store,4499,4929,,No,,,,2026-09-26,,16GB,,,,,,https://iconnectqatar.com/products/oppo-find-x8-ultra-in-qatar
Phone,Budget,Oppo,Reno 11F,256GB,iConnect Qatar,Online store,759,1199,,No,,,,2026-09-26,,8GB,,,,,,https://iconnectqatar.com/products/oppo-reno-11f-5g-256gb-ocean-blue-in-qatar
Phone,Budget,Oppo,Reno 12F,256GB,Digital Zone,Online store,1199,,,No,,,,2026-09-26,,12GB,,,,,,https://digitalzone.qa/products/oppo-reno-12f-5g-12gb-256gb-amber-orange
Phone,Mid-Range,Oppo,Reno 13,512GB,iConnect Qatar,Online store,1719,1879,,No,,,,2026-09-26,,12GB,,,,,,https://iconnectqatar.com/products/oppo-reno13-5g-12gb-512gb-oppo-enco-air-4-12-month-water-damage-screen-damage-warranty-plume-white
Phone,Mid-Range,Oppo,Reno 13 Pro,512GB,iConnect Qatar,Online store,1579,2149,,Yes,,,,2026-09-26,,12GB,,,,,,https://iconnectqatar.com/products/oppo-reno13-pro-5g-12gb-ram-512gb-purple
Phone,Mid-Range,Oppo,Reno 13F (Oppo Enco Buds 3 Pro 12 Month Water Damage Screen Damage Warranty,512GB,iConnect Qatar,Online store,1349,1479,,Yes,,,,2026-09-26,,12GB,,,,,,https://iconnectqatar.com/products/oppo-reno-13f-5g-12gb-512gb-oppo-enco-buds-3-pro-12-month-water-damage-screen-damage-warranty-luminous-blue
Phone,Mid-Range,Oppo,Reno 14 Pro,512GB,iConnect Qatar,Online store,2379,2809,,No,,,,2026-09-26,,12GB,,,,,,https://iconnectqatar.com/products/oppo-reno-14-pro-5g-12gb-512gb-oppo-enco-buds-air-4-opal-white
Phone,Mid-Range,Oppo,Reno 14F,256GB,iConnect Qatar,Online store,1265,1509,,Yes,,,,2026-09-26,,12GB,,,,,,https://iconnectqatar.com/products/oppo-reno-14f-5g-12gb-256gb-oppo-enco-buds-3-pro-luminous-green
Phone,Mid-Range,Oppo,Reno 14F,512GB,iConnect Qatar,Online store,1499,1729,,No,,,,2026-09-26,,12GB,,,,,,https://iconnectqatar.com/products/oppo-reno-14f-5g-12gb-512gb-oppo-enco-buds-3-pro-luminous-green
Phone,Mid-Range,Oppo,Reno 15,512GB,iConnect Qatar,Online store,1969,2399,,Yes,,,,2026-09-26,,12GB,,,,,,https://iconnectqatar.com/products/oppo-reno-15-5g-12gb-512gb-aurora-white
Phone,Mid-Range,Oppo,Reno 15F,256GB,iConnect Qatar,Online store,1349,1699,,Yes,,,,2026-09-26,,12GB,,,,,,https://iconnectqatar.com/products/oppo-reno-15f-5g-12gb-256gb-aurora-blue-1
Phone,Mid-Range,Oppo,Reno 15F,512GB,iConnect Qatar,Online store,1519,1899,,Yes,,,,2026-09-26,,12GB,,,,,,https://iconnectqatar.com/products/oppo-reno-15f-5g-12gb-512gb-twilight-blue
Phone,Mid-Range,Oppo,Reno 15F - Twilight Blue,256GB,iConnect Qatar,Online store,1349,1699,,Yes,,,,2026-09-26,,12GB,,,,,,https://iconnectqatar.com/products/oppo-reno-15f-price-in-qatar-5g-12gb-256gb-twilight-blue
Phone,Mid-Range,Oppo,Reno 16,256GB,iConnect Qatar,Online store,2299,2799,,Yes,,,,2026-09-26,,12GB,,,,,,https://iconnectqatar.com/products/oppo-reno-16-5g-12gb-256gb-pop-white
Phone,Mid-Range,Oppo,Reno 16 F,256GB,iConnect Qatar,Online store,1689,1999,,Yes,,,,2026-09-26,,8GB,,,,,,https://iconnectqatar.com/products/oppo-reno-16f-5g-8gb-256gb-pop-white
Phone,Budget,Oppo,Reno11 F,256GB,Digital Zone,Online store,1199,,,No,,,,2026-09-26,,8GB,,,,,,https://digitalzone.qa/products/oppo-reno11-f-5g-8gb-256gb
Phone,Budget,Oppo,Reno12 F,256GB,iConnect Qatar,Online store,999,1099,,No,,,,2026-09-26,,12GB,,,,,,https://iconnectqatar.com/products/oppo-reno12-f-5g-12gb-256gb-qatar
Phone,Budget,Oppo,Reno13 F,256GB,iConnect Qatar,Online store,1139,1249,,No,,,,2026-09-26,,12GB,,,,,,https://iconnectqatar.com/products/oppo-reno13-f-5g-12gb-256gb-12-month-water-damage-screen-damage-warranty-skyline-blue
Phone,Mid-Range,Oppo,Reno13 F - Skyline Blue,512GB,iConnect Qatar,Online store,1289,1409,,No,,,,2026-09-26,,12GB,,,,,,https://iconnectqatar.com/products/oppo-reno13-f-5g-12gb-512gb-oppo-enco-buds-3-pro-12-month-water-damage-screen-damage-warranty-skyline-blue
Phone,Budget,Ravoz,V3,128GB,Digital Zone,Online store,649,,,No,,,,2026-09-26,,4GB,,,,,,https://digitalzone.qa/products/ravoz-v3-4g-4gb-128gb-non-camera-and-non-gps
Phone,Budget,Realme,11 Pro Plus,512GB,iConnect Qatar,Online store,999,1099,,No,,,,2026-09-26,,12GB,,,,,,https://iconnectqatar.com/products/realme-11-pro-plus-5g-12gb-512gb-qatar
Phone,Budget,Realme,12,256GB,iConnect Qatar,Online store,629,999,,No,,,,2026-09-26,,8GB,,,,,,https://iconnectqatar.com/products/realme-12-5g-8gb-256gb-twilight-purple
Phone,Budget,Realme,12,512GB,iConnect Qatar,Online store,699,1199,,No,,,,2026-09-26,,8GB,,,,,,https://iconnectqatar.com/products/realme-12-5g-8gb-512gb-woodland-green
Phone,Budget,Realme,12 Plus,512GB,iConnect Qatar,Online store,805,1299,,No,,,,2026-09-26,,12GB,,,,,,https://iconnectqatar.com/products/realme-12-plus-5g-12gb-512gb-navigator-beige-in-qatar
Phone,Budget,Realme,12 Plus - Pioneer Green,512GB,iConnect Qatar,Online store,805,1299,,No,,,,2026-09-26,,12GB,,,,,,https://iconnectqatar.com/products/realme-12-plus-5g-12gb-512gb-pioneer-green
Phone,Budget,Realme,12X,256GB,Digital Zone,Online store,589,,,No,,,,2026-09-26,,8GB,,,,,,https://digitalzone.qa/products/realme-12x-5g-8gb-256gb-feather-green
Phone,Budget,Realme,14 Pro,256GB,iConnect Qatar,Online store,939,1199,,No,,,,2026-09-26,,12GB,,,,,,https://iconnectqatar.com/products/realme-14-pro-in-qatar-5g-12gb-256gb-suede-grey
Phone,Budget,Realme,C100,128GB,iConnect Qatar,Online store,649,799,,Yes,,,,2026-09-26,,4GB,,,,,,https://iconnectqatar.com/products/realme-c100-5g-4gb-128gb-blooming-purple
Phone,Budget,Realme,C100,256GB,iConnect Qatar,Online store,809,999,,Yes,,,,2026-09-26,,6GB,,,,,,https://iconnectqatar.com/products/realme-c100-5g-6gb-256gb-blooming-purple
Phone,Budget,Realme,C100i,128GB,iConnect Qatar,Online store,505,649,,Yes,,,,2026-09-26,,4GB,,,,,,https://iconnectqatar.com/products/realme-c100i-lte-4gb-128gb-dusk-gray
Phone,Budget,Realme,C100i,256GB,iConnect Qatar,Online store,555,699,,Yes,,,,2026-09-26,,4GB,,,,,,https://iconnectqatar.com/products/realme-c100i-lte-4gb-256gb-dusk-gray
Phone,Low End,Realme,C100i,64GB,iConnect Qatar,Online store,439,559,,Yes,,,,2026-09-26,,4GB,,,,,,https://iconnectqatar.com/products/realme-c100i-lte-4gb-64gb-dusk-gray
Phone,Low End,Realme,C100i - Dawn Purple,64GB,iConnect Qatar,Online store,439,559,,Yes,,,,2026-09-26,,4GB,,,,,,https://iconnectqatar.com/products/realme-c100i-lte-4gb-64gb-dawn-purple
Phone,Low End,Realme,C53,128GB,Digital Zone,Online store,389,,,No,,,,2026-09-26,,6GB,,,,,,https://digitalzone.qa/products/realme-c53-lte-6gb-128gb-mighty-black
Phone,Budget,Realme,C65,256GB,Digital Zone,Online store,559,,,No,,,,2026-09-26,,8GB,,,,,,https://digitalzone.qa/products/realme-c65-lte-8gb-256gb-starlight-gold
Phone,Budget,Realme,C75,128GB,iConnect Qatar,Online store,539,800,,No,,,,2026-09-26,,8GB,,,,,,https://iconnectqatar.com/products/realme-c75-lte-8gb-128gb-nextbot-earpods-storm-black
Phone,Budget,Realme,C75,256GB,iConnect Qatar,Online store,599,850,,No,,,,2026-09-26,,8GB,,,,,,https://iconnectqatar.com/products/realme-c75-lte-qatar-8gb-256gb-nextbot-earpods-storm-black
Phone,Low End,Realme,C75X,256GB,iConnect Qatar,Online store,489,599,,No,,,,2026-09-26,,8GB,,,,,,https://iconnectqatar.com/products/realme-c75x-8gb-256gb-oceanic-blue-qatar
Phone,Mid-Range,Realme,GT 7 Pro,512GB,iConnect Qatar,Online store,2339,2549,,No,,,,2026-09-26,,12GB,,,,,,https://iconnectqatar.com/products/realme-gt-7-pro-5g-12gb-512gb-realme-t110-buds-hifuture-bt-speaker-120w-adapter-phone-case-mars-orange
Phone,Low End,Realme,Note 50,128GB,Digital Zone,Online store,329,,,No,,,,2026-09-26,,4GB,,,,,,https://digitalzone.qa/products/realme-note-50-lte-4gb-128gb-sky-blue
Phone,Low End,Realme,Note 60,128GB,iConnect Qatar,Online store,285,450,,No,,,,2026-09-26,,4GB,,,,,,https://iconnectqatar.com/products/realme-note-60-lte-4gb-128gb-voyage-blue
Phone,Low End,Realme,Note 60X,64GB,iConnect Qatar,Online store,255,299,,No,,,,2026-09-26,,3GB,,,,,,https://iconnectqatar.com/products/realme-note-60x-wilderness-green
Phone,Low End,Realme,V60S,128GB,iConnect Qatar,Online store,339,499,,No,,,,2026-09-26,,6GB,,,,,,https://iconnectqatar.com/products/realme-v60s-qatar-6gb-128gb-green
Phone,Low End,Samsung,A06,128GB,Digital Zone,Online store,439,,,No,,,,2026-09-26,,4GB,,,,,,https://digitalzone.qa/products/samsung-galaxy-a06-5g-4gb-128gb-qatar
Phone,Low End,Samsung,A06,64GB,Digital Zone,Online store,379,,,No,,,,2026-09-26,,4GB,,,,,,https://digitalzone.qa/products/samsung-galaxy-a06-5g-dual-sim-4gb-64gb-qatar
Phone,Low End,Samsung,Galaxy A05,128GB,iConnect Qatar,Online store,299,399,,No,,,,2026-09-26,,6GB,,,,,,https://iconnectqatar.com/products/samsung-galaxy-a05-6gb-128gb-silver
Phone,Low End,Samsung,Galaxy A05,64GB,Digital Zone,Online store,289,,,No,,,,2026-09-26,,4GB,,,,,,https://digitalzone.qa/products/samsung-galaxy-a05-lte-4gb-64gb-black
Phone,Low End,Samsung,Galaxy A05,64GB,iConnect Qatar,Online store,239,299,,No,,,,2026-09-26,,4GB,,,,,,https://iconnectqatar.com/products/samsung-galaxy-a05-4gb-64gb-silver
Phone,Low End,Samsung,Galaxy A05s,128GB,Digital Zone,Online store,479,,,No,,,,2026-09-26,,6GB,,,,,,https://digitalzone.qa/products/samsung-galaxy-a05s-4g-6gb-128gb-black
Phone,Low End,Samsung,Galaxy A05s,128GB,iConnect Qatar,Online store,349,409,,No,,,,2026-09-26,,4GB,,,,,,https://iconnectqatar.com/products/samsung-galaxy-a05s-4gb-128gb-light-violet
Phone,Low End,Samsung,Galaxy A06,128GB,Digital Zone,Online store,309,,,No,,,,2026-09-26,,4GB,,,,,,https://digitalzone.qa/products/samsung-galaxy-a06-4g-4gb-128gb-qatar
Phone,Low End,Samsung,Galaxy A06,128GB,iConnect Qatar,Online store,305,429,,No,,,,2026-09-26,,4GB,,,,,,https://iconnectqatar.com/products/samsung-galaxy-a06-4gb-64gb-light-blue
Phone,Low End,Samsung,Galaxy A06,64GB,Digital Zone,Online store,269,,,No,,,,2026-09-26,,4GB,,,,,,https://digitalzone.qa/products/samsung-galaxy-a06-4g-4gb-64gb-dual-sim-qatar
Phone,Low End,Samsung,Galaxy A06,64GB,iConnect Qatar,Online store,259,349,,No,,,,2026-09-26,,4GB,,,,,,https://iconnectqatar.com/products/samsung-galaxy-a06-4gb-64gb-gold
Phone,Low End,Samsung,Galaxy A07,128GB,iConnect Qatar,Online store,439,699,,Yes,,,,2026-09-26,,4GB,,,,,,https://iconnectqatar.com/products/samsung-galaxy-a07-price-in-qatar-4g-4gb-128gb-green
Phone,Low End,Samsung,Galaxy A07,64GB,iConnect Qatar,Online store,409,499,,Yes,,,,2026-09-26,,4GB,,,,,,https://iconnectqatar.com/products/samsung-galaxy-a07-qatar-4g-4gb-64gb-green
Phone,Low End,Samsung,Galaxy A07 Black,128GB,Digital Zone,Online store,419,,,Yes,,,,2026-09-26,,4GB,,,,,,https://digitalzone.qa/products/samsung-galaxy-a07-4g-4gb-128gb-black-sm-a075fzkgmea
Phone,Low End,Samsung,Galaxy A07s,64GB,iConnect Qatar,Online store,479,549,,Yes,,,,2026-09-26,,4GB,,,,,,https://iconnectqatar.com/products/samsung-galaxy-a07s-4gb-64gb-light-violet
Phone,Budget,Samsung,Galaxy A08 - Green,64GB,iConnect Qatar,Online store,527,599,,Yes,,,,2026-09-26,,4GB,,,,,,https://iconnectqatar.com/products/samsung-galaxy-a08-4gb-64gb
Phone,Low End,Samsung,Galaxy A15,128GB,Digital Zone,Online store,429,,,No,,,,2026-09-26,,4GB,,,,,,https://digitalzone.qa/products/samsung-galaxy-a15-4g-4gb-128gb-light-blue
Phone,Low End,Samsung,Galaxy A16,128GB,Digital Zone,Online store,479,,,Yes,,,,2026-09-26,,4GB,,,,,,https://digitalzone.qa/products/samsung-galaxy-a16-128gb-4gb-ram-qatar
Phone,Low End,Samsung,Galaxy A16,128GB,iConnect Qatar,Online store,479,599,,Yes,,,,2026-09-26,,4GB,,,,,,https://iconnectqatar.com/products/samsung-galaxy-a16-lte-4gb-128gb-light-green
Phone,Budget,Samsung,Galaxy A16,256GB,Digital Zone,Online store,569,,,No,,,,2026-09-26,,8GB,,,,,,https://digitalzone.qa/products/samsung-galaxy-a16-4g-8gb-256gb-qatar
Phone,Budget,Samsung,Galaxy A16,256GB,iConnect Qatar,Online store,619,799,,No,,,,2026-09-26,,8GB,,,,,,https://iconnectqatar.com/products/samsung-galaxy-a16-light-green-in-qatar
Phone,Low End,Samsung,Galaxy A16 Blue Black,128GB,Digital Zone,Online store,469,,,No,,,,2026-09-26,,6GB,,,,,,https://digitalzone.qa/products/samsung-galaxy-a16-4g-6gb-128gb-blue-black-qatar
Phone,Budget,Samsung,Galaxy A17,128GB,Digital Zone,Online store,519,,,Yes,,,,2026-09-26,,4GB,,,,,,https://digitalzone.qa/products/samsung-galaxy-a17-4g-4gb-128gb-smartphone
Phone,Budget,Samsung,Galaxy A17,128GB,iConnect Qatar,Online store,529,749,,Yes,,,,2026-09-26,,4GB,,,,,,https://iconnectqatar.com/products/samsung-galaxy-a17-price-in-qatar-4g-4gb-128gb-blue
Phone,Budget,Samsung,Galaxy A17,256GB,iConnect Qatar,Online store,759,849,,Yes,,,,2026-09-26,,8GB,,,,,,https://iconnectqatar.com/products/samsung-galaxy-a17-4g-8gb-256gb-blue
Phone,Budget,Samsung,Galaxy A25,256GB,Digital Zone,Online store,769,,,No,,,,2026-09-26,,8GB,,,,,,https://digitalzone.qa/products/samsung-galaxy-a25-5g-8gb-256gb-blue-black
Phone,Budget,Samsung,Galaxy A26,128GB,iConnect Qatar,Online store,749,849,,Yes,,,,2026-09-26,,6GB,,,,,,https://iconnectqatar.com/products/samsung-galaxy-a26-5g-in-qatar-iconnect-qatar
Phone,Budget,Samsung,Galaxy A26,256GB,iConnect Qatar,Online store,899,999,,Yes,,,,2026-09-26,,8GB,,,,,,https://iconnectqatar.com/products/buy-samsung-galaxy-a26-qatar-5g-8gb-ram-256gb-white
Phone,Budget,Samsung,Galaxy A26 - Awesome Black,256GB,iConnect Qatar,Online store,899,999,,Yes,,,,2026-09-26,,8GB,,,,,,https://iconnectqatar.com/products/samsung-galaxy-a26-8gb-256gb-black-in-qatar
Phone,Budget,Samsung,Galaxy A26 Black,128GB,Digital Zone,Online store,759,,,No,,,,2026-09-26,,6GB,,,,,,https://digitalzone.qa/products/samsung-galaxy-a26-5g-black-6gb-128gb-qatar
Phone,Budget,Samsung,Galaxy A26 Black,256GB,Digital Zone,Online store,959,,,No,,,,2026-09-26,,8GB,,,,,,https://digitalzone.qa/products/samsung-galaxy-a26-5g-black-8gb-256gb-qatar
Phone,Budget,Samsung,Galaxy A27,256GB,iConnect Qatar,Online store,1149,1499,,Yes,,,,2026-09-26,,8GB,,,,,,https://iconnectqatar.com/products/samsung-galaxy-a27-5g-8gb-256gb-light-pink
Phone,Budget,Samsung,Galaxy A35,128GB,Digital Zone,Online store,879,,,No,,,,2026-09-26,,8GB,,,,,,https://digitalzone.qa/products/samsung-galaxy-a35-5g-8gb-128gb-awesome-ice-blue
Phone,Budget,Samsung,Galaxy A35,256GB,Digital Zone,Online store,999,,,No,,,,2026-09-26,,8GB,,,,,,https://digitalzone.qa/products/samsung-galaxy-a35-5g-8gb-256gb-awesome-lemon
Phone,Budget,Samsung,Galaxy A36,128GB,Digital Zone,Online store,919,,,No,,,,2026-09-26,,8GB,,,,,,https://digitalzone.qa/products/samsung-galaxy-a36-5g-8gb-128gb-qatar
Phone,Budget,Samsung,Galaxy A36,128GB,iConnect Qatar,Online store,919,1149,,Yes,,,,2026-09-26,,8GB,,,,,,https://iconnectqatar.com/products/samsung-galaxy-a36-awesome-white-in-qatar
Phone,Budget,Samsung,Galaxy A36,256GB,Digital Zone,Online store,1159,,,No,,,,2026-09-26,,8GB,,,,,,https://digitalzone.qa/products/samsung-galaxy-a36-5g-8gb-256gb-qatar
Phone,Budget,Samsung,Galaxy A36,256GB,iConnect Qatar,Online store,979,1249,,Yes,,,,2026-09-26,,8GB,,,,,,https://iconnectqatar.com/products/samsung-galaxy-a36-5g-awesome-black-in-qatar
Phone,Mid-Range,Samsung,Galaxy A37,128GB,Digital Zone,Online store,1409,,,No,,,,2026-09-26,,6GB,,,,,,https://digitalzone.qa/products/samsung-galaxy-a37-5g-128gb-6gb-ram-120hz-amoled-qatar
Phone,Budget,Samsung,Galaxy A37,256GB,Digital Zone,Online store,1189,,,Yes,,,,2026-09-26,,8GB,,,,,,https://digitalzone.qa/products/samsung-galaxy-a37-5g-256gb-8gb-ram-120hz-amoled-qatar
Phone,Budget,Samsung,Galaxy A37,256GB,iConnect Qatar,Online store,1169,1599,,Yes,,,,2026-09-26,,8GB,,,,,,https://iconnectqatar.com/products/samsung-galaxy-a37-5g-8gb-256gb-awesome-charcoal
Phone,Budget,Samsung,Galaxy A55,128GB,Digital Zone,Online store,1099,,,No,,,,2026-09-26,,8GB,,,,,,https://digitalzone.qa/products/samsung-galaxy-a55-5g-8gb-128gb-awesome-lemon
Phone,Mid-Range,Samsung,Galaxy A55,256GB,Digital Zone,Online store,1229,,,No,,,,2026-09-26,,8GB,,,,,,https://digitalzone.qa/products/samsung-galaxy-a55-5g-8gb-256gb-awesome-navy
Phone,Budget,Samsung,Galaxy A56,128GB,Digital Zone,Online store,1149,,,No,,,,2026-09-26,,8GB,,,,,,https://digitalzone.qa/products/samsung-galaxy-a56-5g-8gb-128gb-qatar
Phone,Budget,Samsung,Galaxy A56,128GB,iConnect Qatar,Online store,1109,1399,,Yes,,,,2026-09-26,,8GB,,,,,,https://iconnectqatar.com/products/samsung-galaxy-a56-5g-8gb-128-gb-in-qatar
Phone,Budget,Samsung,Galaxy A56,256GB,Digital Zone,Online store,1149,,,No,,,,2026-09-26,,8GB,,,,,,https://digitalzone.qa/products/samsung-galaxy-a56-5g-8gb-256gb-qatar
Phone,Mid-Range,Samsung,Galaxy A56,256GB,iConnect Qatar,Online store,1219,1499,,Yes,,,,2026-09-26,,8GB,,,,,,https://iconnectqatar.com/products/samsung-galaxy-a56-5g-awesome-graphite-in-qatar
Phone,Mid-Range,Samsung,Galaxy A57,128GB,Digital Zone,Online store,1749,,,No,,,,2026-09-26,,8GB,,,,,,https://digitalzone.qa/products/samsung-galaxy-a57-5g-128gb-8gb-ram-amoled-ip68-qatar
Phone,Mid-Range,Samsung,Galaxy A57,256GB,Digital Zone,Online store,1689,,,No,,,,2026-09-26,,8GB,,,,,,https://digitalzone.qa/products/samsung-galaxy-a57-5g-256gb-8gb-ram-amoled-ip68-qatar
Phone,Mid-Range,Samsung,Galaxy A57,256GB,iConnect Qatar,Online store,1319,1899,,Yes,,,,2026-09-26,,8GB,,,,,,https://iconnectqatar.com/products/samsung-galaxy-a57-5g-8gb-256gb-awesome-gray
Phone,Flagship,Samsung,Galaxy A57,512GB,Digital Zone,Online store,2599,,,No,,,,2026-09-26,,12GB,,,,,,https://digitalzone.qa/products/samsung-galaxy-a57-5g-512gb-12gb-ram-amoled-ip68-qatar
Phone,Low End,Samsung,Galaxy M15,128GB,iConnect Qatar,Online store,489,589,,No,,,,2026-09-26,,6GB,,,,,,https://iconnectqatar.com/products/samsung-galaxy-m15-5g-6gb-128gb-stone-grey
Phone,Budget,Samsung,Galaxy M16,128GB,iConnect Qatar,Online store,509,699,,No,,,,2026-09-26,,6GB,,,,,,https://iconnectqatar.com/products/samsung-galaxy-m16-5g-blush-pink-in-qatar
Phone,Budget,Samsung,Galaxy M56,256GB,iConnect Qatar,Online store,939,1199,,No,,,,2026-09-26,,8GB,,,,,,https://iconnectqatar.com/products/samsung-galaxy-m56-5g
Phone,Flagship,Samsung,Galaxy S23 Ultra,256GB,Digital Zone,Online store,2699,,,No,,,,2026-09-26,,12GB,,,,,,https://digitalzone.qa/products/samsung-galaxy-s23-ultra-5g-12gb-256gb-phantom-black
Phone,Mid-Range,Samsung,Galaxy S23 Ultra,256GB,iConnect Qatar,Online store,2429,2799,,No,,,,2026-09-26,,12GB,,,,,,https://iconnectqatar.com/products/samsung-galaxy-s23-ultra-5g-12gb-256gb-phantom-black
Phone,Flagship,Samsung,Galaxy S23 Ultra,512GB,iConnect Qatar,Online store,2779,2999,,No,,,,2026-09-26,,12GB,,,,,,https://iconnectqatar.com/products/samsung-galaxy-s23-ultra-in-qatar
Phone,Mid-Range,Samsung,Galaxy S24 FE,256GB,iConnect Qatar,Online store,1489,1799,,No,,,,2026-09-26,,8GB,,,,,,https://iconnectqatar.com/products/samsung-galaxy-s24-fe-5g-8gb-256gb-grey
Phone,Flagship,Samsung,Galaxy S24 Plus,512GB,iConnect Qatar,Online store,2689,2999,,No,,,,2026-09-26,,12GB,,,,,,https://iconnectqatar.com/products/samsung-galaxy-s24-plus-5g-12gb-512gb-cobalt-violet
Phone,Flagship,Samsung,Galaxy S24 Ultra,256GB,Digital Zone,Online store,2699,,,No,,,,2026-09-26,,12GB,,,,,,https://digitalzone.qa/products/samsung-galaxy-s24-ultra-12gb-256gb-titanium-gray
Phone,Flagship,Samsung,Galaxy S24 Ultra,256GB,iConnect Qatar,Online store,2729,3199,,No,,,,2026-09-26,,12GB,,,,,,https://iconnectqatar.com/products/samsung-galaxy-s24-ultra-titanium-black-in-qatar
Phone,Flagship,Samsung,Galaxy S24 Ultra,512GB,Digital Zone,Online store,4149,,,No,,,,2026-09-26,,12GB,,,,,,https://digitalzone.qa/products/samsung-galaxy-s24-ultra-12gb-512gb-titanium-grey
Phone,Flagship,Samsung,Galaxy S24 Ultra,512GB,iConnect Qatar,Online store,3299,3799,,No,,,,2026-09-26,,12GB,,,,,,https://iconnectqatar.com/products/samsung-galaxy-s24-ultra-5g-12gb-512gb-titanium-violet-in-qatar
Phone,Mid-Range,Samsung,Galaxy S25,128GB,iConnect Qatar,Online store,2349,2799,,No,,,,2026-09-26,,12GB,,,,,,https://iconnectqatar.com/products/samsung-galaxy-s25-12gb-128gb-mint
Phone,Mid-Range,Samsung,Galaxy S25,256GB,iConnect Qatar,Online store,2399,2999,,Yes,,,,2026-09-26,,12GB,,,,,,https://iconnectqatar.com/products/samsung-galaxy-s25-12gb-256gb-navy-in-qatar
Phone,Flagship,Samsung,Galaxy S25,512GB,iConnect Qatar,Online store,3349,3399,,No,,,,2026-09-26,,12GB,,,,,,https://iconnectqatar.com/products/samsung-galaxy-s25-plus-in-qatar
Phone,Flagship,Samsung,Galaxy S25 50MP Camera,256GB,Digital Zone,Online store,3149,3449,,No,,,,2026-09-26,,12GB,,,,,,https://digitalzone.qa/products/samsung-galaxy-s25-preorder-special-50mp-camera-5g
Phone,Flagship,Samsung,Galaxy S25 50MP Camera,512GB,Digital Zone,Online store,3849,4349,,No,,,,2026-09-26,,12GB,,,,,,https://digitalzone.qa/products/samsung-galaxy-s25-plus-512gb-qatar
Phone,Flagship,Samsung,Galaxy S25 50MP Camera Connectivity,256GB,Digital Zone,Online store,3849,,,No,,,,2026-09-26,,12GB,,,,,,https://digitalzone.qa/products/samsung-galaxy-s25-plus-256gb-qatar
Phone,Flagship,Samsung,Galaxy S25 50MP Camera Connectivity 4 000mAh Battery,128GB,Digital Zone,Online store,3149,,,No,,,,2026-09-26,,12GB,,,,,,https://digitalzone.qa/products/samsung-galaxy-s25-128gb-5g-qatar
Phone,Flagship,Samsung,Galaxy S25 Edge,256GB,iConnect Qatar,Online store,2999,3599,,Yes,,,,2026-09-26,,12GB,,,,,,https://iconnectqatar.com/products/samsung-galaxy-s25-edge-5g-12gb-256gb-in-qatar
Phone,Flagship,Samsung,Galaxy S25 Edge,512GB,iConnect Qatar,Online store,3099,3799,,Yes,,,,2026-09-26,,12GB,,,,,,https://iconnectqatar.com/products/samsung-galaxy-s25-qatar-edge-512gb
Phone,Mid-Range,Samsung,Galaxy S25 FE,256GB,iConnect Qatar,Online store,1879,2049,,Yes,,,,2026-09-26,,8GB,,,,,,https://iconnectqatar.com/products/samsung-galaxy-s25-fe-qatar-5g-8gb-256gb-navy
Phone,Flagship,Samsung,Galaxy S25 Ultra,1TB,iConnect Qatar,Online store,4699,5299,,Yes,,,,2026-09-26,,12GB,,,,,,https://iconnectqatar.com/products/samsung-galaxy-s25-ultra-12gb-1tb-titanium-jade-green
Phone,Flagship,Samsung,Galaxy S25 Ultra,256GB,Digital Zone,Online store,2899,,,Yes,,,,2026-09-26,,12GB,,,,,,https://digitalzone.qa/products/samsung-galaxy-s25-ultra-256gb-qatar
Phone,Flagship,Samsung,Galaxy S25 Ultra,256GB,iConnect Qatar,Online store,2899,3499,,Yes,,,,2026-09-26,,12GB,,,,,,https://iconnectqatar.com/products/samsung-galaxy-s25-in-qatar-ultra-12gb-256gb
Phone,Flagship,Samsung,Galaxy S25 Ultra,512GB,Digital Zone,Online store,3729,,,No,,,,2026-09-26,,12GB,,,,,,https://digitalzone.qa/products/samsung-galaxy-s25-ultra-512gb-qatar
Phone,Flagship,Samsung,Galaxy S25 Ultra,512GB,iConnect Qatar,Online store,3449,4199,,Yes,,,,2026-09-26,,12GB,,,,,,https://iconnectqatar.com/products/samsung-galaxy-s25-ultra-in-qatar-12gb-512gb
Phone,Flagship,Samsung,Galaxy S25 Ultra 200MP Camera,1TB,Digital Zone,Online store,5499,6499,,No,,,,2026-09-26,,12GB,,,,,,https://digitalzone.qa/products/samsung-galaxy-s25-ultra-12gb-ram-1tb-storage-qatar
Phone,Flagship,Samsung,Galaxy S26,256GB,iConnect Qatar,Online store,2749,3399,,Yes,,,,2026-09-26,,12GB,,,,,,https://iconnectqatar.com/products/samsung-galaxy-s26-5g-12gb-256gb-black
Phone,Flagship,Samsung,Galaxy S26,512GB,iConnect Qatar,Online store,3189,3999,,Yes,,,,2026-09-26,,12GB,,,,,,https://iconnectqatar.com/products/samsung-galaxy-s26-5g-12gb-512gb-sky-blue
Phone,Flagship,Samsung,"Galaxy S26 6.3""",256GB,Digital Zone,Online store,3639,,,No,,,,2026-09-26,,12GB,,,,,,https://digitalzone.qa/products/samsung-galaxy-s26-5g-12gb-256gb-qatar
Phone,Flagship,Samsung,"Galaxy S26 6.3""",512GB,Digital Zone,Online store,4439,,,No,,,,2026-09-26,,12GB,,,,,,https://digitalzone.qa/products/samsung-galaxy-s26-512gb-12gb-5g-6-3-qatar
Phone,Flagship,Samsung,Galaxy S26 Plus,256GB,iConnect Qatar,Online store,3189,3849,,Yes,,,,2026-09-26,,12GB,,,,,,https://iconnectqatar.com/products/samsung-galaxy-s26-plus-in-qatar-5g-12gb-256gb-cobalt-violet
Phone,Flagship,Samsung,Galaxy S26 Plus,512GB,iConnect Qatar,Online store,3449,4599,,Yes,,,,2026-09-26,,12GB,,,,,,https://iconnectqatar.com/products/samsung-galaxy-s26-plus-price-in-qatar-5g-12gb-512gb-black
Phone,Flagship,Samsung,"Galaxy S26 Plus 6.7""",256GB,Digital Zone,Online store,4339,,,No,,,,2026-09-26,,12GB,,,,,,https://digitalzone.qa/products/samsung-galaxy-s26-plus-256gb-12gb-5g-qatar
Phone,Flagship,Samsung,Galaxy S26 Plus 6.7″,512GB,Digital Zone,Online store,5139,,,No,,,,2026-09-26,,12GB,,,,,,https://digitalzone.qa/products/samsung-galaxy-s26-plus-512gb-12gb-5g-qatar
Phone,Flagship,Samsung,Galaxy S26 Ultra,1TB,iConnect Qatar,Online store,5239,6499,,Yes,,,,2026-09-26,,16GB,,,,,,https://iconnectqatar.com/products/samsung-s26-ultra-price-in-qatar-5g-16gb-1tb-cobalt-violet
Phone,Flagship,Samsung,Galaxy S26 Ultra,256GB,iConnect Qatar,Online store,3469,4449,,Yes,,,,2026-09-26,,12GB,,,,,,https://iconnectqatar.com/products/samsung-galaxy-s26-ultra-price-in-qatar-5g-12gb-256gb
Phone,Flagship,Samsung,Galaxy S26 Ultra,512GB,iConnect Qatar,Online store,4179,5499,,Yes,,,,2026-09-26,,12GB,,,,,,https://iconnectqatar.com/products/samsung-galaxy-s26-ultra-price-in-qatar-5g-12gb-512gb
Phone,Flagship,Samsung,"Galaxy S26 Ultra 6.9""",1TB,Digital Zone,Online store,5699,,,No,,,,2026-09-26,,12GB,,,,,,https://digitalzone.qa/products/samsung-galaxy-s26-ultra-1tb-16gb-5g-qatar
Phone,Flagship,Samsung,"Galaxy S26 Ultra 6.9""",256GB,Digital Zone,Online store,3399,,,No,,,,2026-09-26,,12GB,,,,,,https://digitalzone.qa/products/samsung-galaxy-s26-ultra-256gb-12gb-5g-qatar
Phone,Flagship,Samsung,"Galaxy S26 Ultra 6.9""",512GB,Digital Zone,Online store,3999,,,No,,,,2026-09-26,,12GB,,,,,,https://digitalzone.qa/products/samsung-galaxy-s26-ultra-512gb-12gb-5g-qatar
Phone,Flagship,Samsung,Galaxy Z Flip 7,256GB,iConnect Qatar,Online store,3289,3899,,Yes,,,,2026-09-26,,12GB,,,,,,https://iconnectqatar.com/products/samsung-galaxy-z-flip-7-in-qatar-5g-12gb-256gb-blue-shadow
Phone,Flagship,Samsung,Galaxy Z Flip 7,512GB,iConnect Qatar,Online store,3659,4099,,No,,,,2026-09-26,,12GB,,,,,,https://iconnectqatar.com/products/samsung-galaxy-z-flip-7-qatar-5g-12gb-512gb-jet-black
Phone,Flagship,Samsung,Galaxy Z Flip 7 FE,256GB,iConnect Qatar,Online store,3299,3599,,No,,,,2026-09-26,,8GB,,,,,,https://iconnectqatar.com/products/samsung-galaxy-z-flip-7-fe-qatar-5g-8gb-256gb-45w-adaptor-black
Phone,Flagship,Samsung,Galaxy Z Flip 7 – Coral Red,256GB,iConnect Qatar,Online store,3289,3899,,No,,,,2026-09-26,,12GB,,,,,,https://iconnectqatar.com/products/samsung-galaxy-z-flip-7-in-qatar-5g-12gb-256gb-coral-red
Phone,Flagship,Samsung,Galaxy Z Flip 8,256GB,iConnect Qatar,Online store,3799,4299,,Yes,,,,2026-09-26,,12GB,,,,,,https://iconnectqatar.com/products/samsung-galaxy-z-flip-8-5g-12gb-256gb-graphite
Phone,Flagship,Samsung,Galaxy Z Flip 8,512GB,iConnect Qatar,Online store,4849,5249,,Yes,,,,2026-09-26,,12GB,,,,,,https://iconnectqatar.com/products/samsung-galaxy-z-flip-8-5g-12gb-512gb-pink
Phone,Flagship,Samsung,Galaxy Z Flip6,256GB,Digital Zone,Online store,3899,,,No,,,,2026-09-26,,12GB,,,,,,https://digitalzone.qa/products/samsung-galaxy-flip6-5g-12gb-256gb-blue
Phone,Flagship,Samsung,Galaxy Z Flip6,512GB,Digital Zone,Online store,4299,,,No,,,,2026-09-26,,12GB,,,,,,https://digitalzone.qa/products/samsung-galaxy-flip6-5g-12gb-512gb-silver-shadow
Phone,Flagship,Samsung,Galaxy Z Flip7,256GB,Digital Zone,Online store,4139,,,No,,,,2026-09-26,,,,,,,,https://digitalzone.qa/products/samsung-galaxy-z-flip7-256gb-qatar-delivery
Phone,Flagship,Samsung,Galaxy Z Flip7,512GB,Digital Zone,Online store,3879,,,No,,,,2026-09-26,,,,,,,,https://digitalzone.qa/products/samsung-galaxy-z-flip7-512gb-qatar-delivery
Phone,Flagship,Samsung,Galaxy Z Flip7 FE,128GB,Digital Zone,Online store,3359,,,No,,,,2026-09-26,,,,,,,,https://digitalzone.qa/products/samsung-galaxy-z-flip7-fe-128gb-qatar-delivery
Phone,Flagship,Samsung,Galaxy Z Flip7 FE,256GB,Digital Zone,Online store,3599,,,No,,,,2026-09-26,,,,,,,,https://digitalzone.qa/products/samsung-galaxy-z-flip7-fe-256gb-qatar-delivery
Phone,Flagship,Samsung,Galaxy Z Flip8 Foldable,256GB,Digital Zone,Online store,4449,,,Yes,,,,2026-09-26,,12GB,,,,,,https://digitalzone.qa/products/samsung-galaxy-z-flip8-5g-12gb-256gb-foldable-smartphone
Phone,Flagship,Samsung,Galaxy Z Flip8 Foldable,512GB,Digital Zone,Online store,4849,,,Yes,,,,2026-09-26,,12GB,,,,,,https://digitalzone.qa/products/samsung-galaxy-z-flip8-5g-12gb-512gb-foldable-smartphone
Phone,Flagship,Samsung,Galaxy Z Fold 6,1TB,iConnect Qatar,Online store,5659,6799,,No,,,,2026-09-26,,12GB,,,,,,https://iconnectqatar.com/products/samsung-galaxy-z-fold-6-in-qatar-12gb-1tb-pink
Phone,Flagship,Samsung,Galaxy Z Fold 6,256GB,iConnect Qatar,Online store,4529,4999,,No,,,,2026-09-26,,12GB,,,,,,https://iconnectqatar.com/products/samsung-galaxy-z-fold-6-price-in-qatar-silver-shadow
Phone,Flagship,Samsung,Galaxy Z Fold 6,512GB,iConnect Qatar,Online store,4749,5699,,No,,,,2026-09-26,,12GB,,,,,,https://iconnectqatar.com/products/samsung-galaxy-z-fold-6-in-qatar-12gb-512gb-silver-shadow
Phone,Flagship,Samsung,Galaxy Z Fold 7,1TB,iConnect Qatar,Online store,7439,7899,,Yes,,,,2026-09-26,,16GB,,,,,,https://iconnectqatar.com/products/samsung-galaxy-z-fold-7-qatar-16gb-1tb
Phone,Flagship,Samsung,Galaxy Z Fold 7,256GB,iConnect Qatar,Online store,5399,5999,,Yes,,,,2026-09-26,,12GB,,,,,,https://iconnectqatar.com/products/samsung-galaxy-z-fold-7-in-qatar-12gb-256gb-blue-shadow
Phone,Flagship,Samsung,Galaxy Z Fold 7,512GB,iConnect Qatar,Online store,5899,6849,,Yes,,,,2026-09-26,,12GB,,,,,,https://iconnectqatar.com/products/samsung-galaxy-z-fold-7-in-qatar-12gb-512gb-silver-shadow
Phone,Flagship,Samsung,Galaxy Z Fold 8,1TB,iConnect Qatar,Online store,7899,9149,,Yes,,,,2026-09-26,,16GB,,,,,,https://iconnectqatar.com/products/samsung-galaxy-z-fold-8-qatar-5g-16gb-1tb-lavender
Phone,Flagship,Samsung,Galaxy Z Fold 8,256GB,iConnect Qatar,Online store,5749,6749,,Yes,,,,2026-09-26,,12GB,,,,,,https://iconnectqatar.com/products/samsung-galaxy-z-fold-8-in-qatar-lavender
Phone,Flagship,Samsung,Galaxy Z Fold 8,512GB,iConnect Qatar,Online store,6399,7549,,Yes,,,,2026-09-26,,12GB,,,,,,https://iconnectqatar.com/products/samsung-galaxy-z-fold-8-price-in-qatar-5g-12gb-512gb-lavender
Phone,Flagship,Samsung,Galaxy Z Fold 8 Ultra,1TB,iConnect Qatar,Online store,8799,9949,,Yes,,,,2026-09-26,,16GB,,,,,,https://iconnectqatar.com/products/samsung-galaxy-z-fold-8-ultra-5g-16gb-1tb-cream
Phone,Flagship,Samsung,Galaxy Z Fold 8 Ultra,256GB,iConnect Qatar,Online store,6689,7549,,Yes,,,,2026-09-26,,12GB,,,,,,https://iconnectqatar.com/products/samsung-galaxy-z-fold-8-ultra-5g-12gb-256gb-cream
Phone,Flagship,Samsung,Galaxy Z Fold 8 Ultra,512GB,iConnect Qatar,Online store,7299,8349,,Yes,,,,2026-09-26,,12GB,,,,,,https://iconnectqatar.com/products/samsung-galaxy-z-fold-8-ultra-5g-12gb-512gb-cream
Phone,Flagship,Samsung,Galaxy Z Fold6,1TB,Digital Zone,Online store,7499,,,No,,,,2026-09-26,,12GB,,,,,,https://digitalzone.qa/products/samsung-galaxy-z-fold6-5g-12gb-1tb-pink
Phone,Flagship,Samsung,Galaxy Z Fold6,256GB,Digital Zone,Online store,6399,,,Yes,,,,2026-09-26,,12GB,,,,,,https://digitalzone.qa/products/samsung-galaxy-z-fold6-5g-12gb-256gb-silver-shadow
Phone,Flagship,Samsung,Galaxy Z Fold6,512GB,Digital Zone,Online store,7599,,,No,,,,2026-09-26,,12GB,,,,,,https://digitalzone.qa/products/samsung-galaxy-z-fold6-5g-12gb-512gb-navy
Phone,Flagship,Samsung,Galaxy Z Fold7,1TB,Digital Zone,Online store,8889,,,No,,,,2026-09-26,,,,,,,,https://digitalzone.qa/products/samsung-galaxy-z-fold7-1tb-qatar-delivery
Phone,Flagship,Samsung,Galaxy Z Fold7,256GB,Digital Zone,Online store,6089,,,No,,,,2026-09-26,,,,,,,,https://digitalzone.qa/products/samsung-galaxy-z-fold7-256gb-qatar-delivery
Phone,Flagship,Samsung,Galaxy Z Fold7,512GB,Digital Zone,Online store,7769,,,No,,,,2026-09-26,,,,,,,,https://digitalzone.qa/products/samsung-galaxy-z-fold7-512gb-qatar-delivery
Phone,Flagship,Samsung,Galaxy Z Fold8 Foldable,1TB,Digital Zone,Online store,8349,,,Yes,,,,2026-09-26,,16GB,,,,,,https://digitalzone.qa/products/samsung-galaxy-z-fold8-5g-16gb-1tb-foldable-smartphone
Phone,Flagship,Samsung,Galaxy Z Fold8 Foldable,256GB,Digital Zone,Online store,6749,,,Yes,,,,2026-09-26,,12GB,,,,,,https://digitalzone.qa/products/samsung-galaxy-z-fold8-5g-12gb-256gb-foldable-smartphone
Phone,Flagship,Samsung,Galaxy Z Fold8 Foldable,512GB,Digital Zone,Online store,7149,,,Yes,,,,2026-09-26,,12GB,,,,,,https://digitalzone.qa/products/samsung-galaxy-z-fold8-5g-12gb-512gb-foldable-smartphone
Phone,Flagship,Samsung,Galaxy Z Fold8 Ultra Foldable,1TB,Digital Zone,Online store,9149,,,Yes,,,,2026-09-26,,16GB,,,,,,https://digitalzone.qa/products/samsung-galaxy-z-fold8-ultra-5g-16gb-1tb-foldable-smartphone
Phone,Flagship,Samsung,Galaxy Z Fold8 Ultra Foldable,256GB,Digital Zone,Online store,7549,,,Yes,,,,2026-09-26,,12GB,,,,,,https://digitalzone.qa/products/samsung-galaxy-z-fold8-ultra-5g-12gb-ram-256gb-qatar
Phone,Flagship,Samsung,Galaxy Z Fold8 Ultra Foldable,512GB,Digital Zone,Online store,7949,,,Yes,,,,2026-09-26,,12GB,,,,,,https://digitalzone.qa/products/samsung-galaxy-z-fold8-ultra-5g-12gb-512gb-foldable-smartphone
Phone,Flagship,Samsung,Galaxy Z TriFold,512GB,iConnect Qatar,Online store,16999,24499,,Yes,,,,2026-09-26,,16GB,,,,,,https://iconnectqatar.com/products/samsung-galaxy-z-tri-fold-price-in-qatar-5g-16gb-512gb-black
Phone,Low End,TCL,20R,128GB,iConnect Qatar,Online store,219,540,,No,,,,2026-09-26,,4GB,,,,,,https://iconnectqatar.com/products/tcl-20r-5g-4gb-128gb-granite-grey
Phone,Low End,TCL,40 NXTPAPER,256GB,Digital Zone,Online store,499,,,Yes,,,,2026-09-26,,8GB,,,,,,https://digitalzone.qa/products/tcl-40-nxtpaper-8gb-256gb-smart-phone-opalescent
Phone,Budget,TCL,40 SE Dark Grey- T610K2,256GB,Digital Zone,Online store,575,,,No,,,,2026-09-26,,6GB,,,,,,https://digitalzone.qa/products/tcl-40-se-6gb-256gb-4g-smartphone-dark-grey-qatar
Phone,Low End,TCL,403 Black Black T431U,32GB,Digital Zone,Online store,249,,,No,,,,2026-09-26,,2GB,,,,,,https://digitalzone.qa/products/tcl-403-dual-sim-smartphone-black-2gb-ram-32gb-4g-lte-qatar
Phone,Low End,TCL,408 Gravity Grey,128GB,Digital Zone,Online store,399,,,No,,,,2026-09-26,,4GB,,,,,,https://digitalzone.qa/products/tcl-408-4gb-128gb-4g-smartphone-gravity-grey-qatar
Phone,Budget,TCL,50,128GB,Digital Zone,Online store,509,,,No,,,,2026-09-26,,4GB,,,,,,https://digitalzone.qa/products/tcl-50-5g-4gb-128gb-smart-phone-dark-blue
Phone,Low End,TCL,50 SE,256GB,Digital Zone,Online store,459,,,No,,,,2026-09-26,,6GB,,,,,,https://digitalzone.qa/products/tcl-50-se-6gb-256gb-smart-phone-midnight-blue
Phone,Low End,TCL,"505 6.75"" Android",128GB,Digital Zone,Online store,329,,,No,,,,2026-09-26,,,,,,,,https://digitalzone.qa/products/tcl-505-4g-128gb-dual-sim-smartphone-ocean-blue-qatar
Phone,Low End,TCL,505 8 Blue IT-044715,512GB,Digital Zone,Online store,479,,,No,,,,2026-09-26,,8GB,,,,,,https://digitalzone.qa/products/tcl-505-4g-8gb-ram-512gb-smartphone-blue-qatar
Phone,Low End,TCL,505 8 Grey IT-044714,512GB,Digital Zone,Online store,479,,,No,,,,2026-09-26,,8GB,,,,,,https://digitalzone.qa/products/tcl-505-4g-8gb-ram-512gb-smartphone-grey-qatar
Phone,Budget,TCL,50NXTPAPER Grey IT-044716,256GB,Digital Zone,Online store,589,,,No,,,,2026-09-26,,8GB,,,,,,https://digitalzone.qa/products/tcl-50-nxtpaper-5g-8gb-256gb-smartphone-grey-qatar
Phone,Low End,TCL,605 5200mAh,128GB,Digital Zone,Online store,359,,,Yes,,,,2026-09-26,,4GB,,,,,,https://digitalzone.qa/products/tcl-605-4g-smartphone-4gb-128gb-black
Phone,Low End,TCL,605 5200mAh Battery,256GB,Digital Zone,Online store,449,,,Yes,,,,2026-09-26,,6GB,,,,,,https://digitalzone.qa/products/tcl-605-4g-smartphone-6gb-256gb
Phone,Budget,TCL,70 NXTPAPER Pro 6.9 inch,512GB,Digital Zone,Online store,949,,,Yes,,,,2026-09-26,,8GB,,,,,,https://digitalzone.qa/products/tcl-70-nxtpaper-pro-5g-8gb-512gb-6-9-inch-smartphone-nebula-gold
Phone,Budget,TCL,NxtPaper 60 Ultra Nebula Black,512GB,Digital Zone,Online store,1199,,,No,,,,2026-09-26,,12GB,,,,,,https://digitalzone.qa/products/tcl-nxtpaper-60-ultra-5g-12gb-ram-512gb-nebula-black-qatar
Phone,Low End,TCL,One Touch 5041,,iConnect Qatar,Online store,75,159,,Yes,,,,2026-09-26,,,,,,,,https://iconnectqatar.com/products/tcl-one-touch-5041
Phone,Low End,TCL,Onetouch 5041 Feature,,Digital Zone,Online store,79,,,Yes,,,,2026-09-26,,,,,,,,https://digitalzone.qa/products/tcl-onetouch-5041-4g-mobile-phone-black-qatar
Phone,Budget,Tecno,Camon 30,512GB,iConnect Qatar,Online store,929,1100,,No,,,,2026-09-26,,12GB,,,,,,https://iconnectqatar.com/products/tecno-camon-30-12gb-512gb-uyuni-salt-white
Phone,Budget,Tecno,Camon 40 Pro,256GB,iConnect Qatar,Online store,1099,1299,,Yes,,,,2026-09-26,,12GB,,,,,,https://iconnectqatar.com/products/tecno-camon-40-pro-in-qatar-5g-12-gb-256-gb-glacier-white
Phone,Mid-Range,Tecno,Camon 50 Ultra,256GB,iConnect Qatar,Online store,1679,1999,,Yes,,,,2026-09-26,,12GB,,,,,,https://iconnectqatar.com/products/tecno-camon-50-ultra-5g-ultra-12gb-256gb-tecno-watch-3-active-tecno-tws-airpod-cypress-green
Phone,Mid-Range,Tecno,Camon 50 Ultra,512GB,iConnect Qatar,Online store,1799,1999,,No,,,,2026-09-26,,24GB,,,,,,https://iconnectqatar.com/products/tecno-camon-50-ultra-5g-24gb-512gb-moonshadow-black
Phone,Mid-Range,Tecno,Camon 50 Ultra - Luminous Orange,256GB,iConnect Qatar,Online store,1679,1999,,Yes,,,,2026-09-26,,12GB,,,,,,https://iconnectqatar.com/products/tecno-camon-50-ultra-5g-ultra-12gb-256gb-tecno-watch-3-active-tecno-tws-airpod-luminous-orange
Phone,Mid-Range,Tecno,Camon 50 Ultra - Misty Purple,256GB,iConnect Qatar,Online store,1679,1999,,Yes,,,,2026-09-26,,12GB,,,,,,https://iconnectqatar.com/products/tecno-camon-50-ultra-5g-ultra-12gb-256gb-tecno-watch-3-active-tecno-tws-airpod
Phone,Mid-Range,Tecno,Camon 50 Ultra - Moonshadow Black,256GB,iConnect Qatar,Online store,1679,1999,,Yes,,,,2026-09-26,,12GB,,,,,,https://iconnectqatar.com/products/tecno-camon-50-ultra-5g-ultra-12gb-256gb-tecno-watch-3-active-tecno-tws-airpod-moonshadow-black
Phone,Mid-Range,Tecno,Camon 50 Ultra - Nebula Titanium,256GB,iConnect Qatar,Online store,1679,1999,,Yes,,,,2026-09-26,,12GB,,,,,,https://iconnectqatar.com/products/tecno-camon-50-ultra-5g-ultra-12gb-256gb-tecno-watch-3-active-tecno-tws-airpod-nebula-titanium
Phone,Budget,Tecno,Pova 6 Pro,256GB,iConnect Qatar,Online store,809,950,,No,,,,2026-09-26,,12GB,,,,,,https://iconnectqatar.com/products/tecno-pova-6-pro-5g-12gb-256gb-meteorite-grey
Phone,Budget,Tecno,Pova 7,256GB,iConnect Qatar,Online store,699,829,,No,,,,2026-09-26,,8GB,,,,,,https://iconnectqatar.com/products/tecno-pova-7-qatar-5g-8gb-256gb
Phone,Mid-Range,Tecno,Pova 8,256GB,iConnect Qatar,Online store,1239,1399,,Yes,,,,2026-09-26,,8GB,,,,,,https://iconnectqatar.com/products/tecno-pova-8-5g-8gb-256gb-echo-green
Phone,Budget,Tecno,Pova Curve,256GB,iConnect Qatar,Online store,839,1099,,No,,,,2026-09-26,,8GB,,,,,,https://iconnectqatar.com/products/tecno-pova-7-curve-5g
Phone,Budget,Tecno,Pova Curve - Magic Silver,256GB,iConnect Qatar,Online store,839,1099,,No,,,,2026-09-26,,8GB,,,,,,https://iconnectqatar.com/products/tecno-pova-7-curve-5g-8gb-256gb-magic-silver
Phone,Mid-Range,Tecno,Pova Curve 2 - Melting Silver,256GB,iConnect Qatar,Online store,1289,1999,,Yes,,,,2026-09-26,,12GB,,,,,,https://iconnectqatar.com/products/tecno-pova-curve-2-in-qatar-5g-12gb-256gb-melting-silver
Phone,Mid-Range,Tecno,Pova Curve 2 - Mystic Purple,256GB,iConnect Qatar,Online store,1289,1499,,Yes,,,,2026-09-26,,12GB,,,,,,https://iconnectqatar.com/products/tecno-pova-curve-2-price-in-qatar-5g-12gb-256gb
Phone,Mid-Range,Tecno,Pova Curve 2 - Storm Titanium,256GB,iConnect Qatar,Online store,1289,1999,,Yes,,,,2026-09-26,,12GB,,,,,,https://iconnectqatar.com/products/tecno-pova-curve-2-qatar-5g-12gb-256gb-storm-titanium
Phone,Budget,Tecno,Pova Slim,256GB,iConnect Qatar,Online store,779,999,,Yes,,,,2026-09-26,,8GB,,,,,,https://iconnectqatar.com/products/tecno-pova-slim-qatar-5g-8-gb-256gb-sky-blue
Phone,Low End,Tecno,Spark 20,256GB,iConnect Qatar,Online store,379,500,,No,,,,2026-09-26,,8GB,,,,,,https://iconnectqatar.com/products/tecno-spark-20-8gb-256gb-magic-skin-blue
Phone,Budget,Tecno,Spark 20 Pro,256GB,iConnect Qatar,Online store,559,609,,No,,,,2026-09-26,,8GB,,,,,,https://iconnectqatar.com/products/tecno-spark-20-pro-5g-8gb-256gb-neon-green
Phone,Low End,Tecno,Spark 20C,256GB,iConnect Qatar,Online store,299,399,,No,,,,2026-09-26,,4GB,,,,,,https://iconnectqatar.com/products/tecno-spark-20c-4gb-256gb-gravity-black
Phone,Budget,Tecno,Spark 30,256GB,iConnect Qatar,Online store,539,599,,No,,,,2026-09-26,,8GB,,,,,,https://iconnectqatar.com/products/tecno-spark-30-5g-8gb-256gb-midnight-shadow
Phone,Low End,Tecno,Spark 30C,128GB,iConnect Qatar,Online store,369,409,,No,,,,2026-09-26,,4GB,,,,,,https://iconnectqatar.com/products/tecno-spark-30c-5g-4gb-128gb-midnight-shadow
Phone,Low End,Tecno,Spark 30C,256GB,iConnect Qatar,Online store,429,469,,No,,,,2026-09-26,,8GB,,,,,,https://iconnectqatar.com/products/tecno-spark-30c-8gb-256gb-magic-skin
Phone,Low End,Tecno,Spark 40,128GB,iConnect Qatar,Online store,429,499,,Yes,,,,2026-09-26,,4GB,,,,,,https://iconnectqatar.com/products/tecno-spark-40-5g-4gb-128gb-sky-blue
Phone,Budget,Tecno,Spark 40,256GB,iConnect Qatar,Online store,589,599,,Yes,,,,2026-09-26,,8GB,,,,,,https://iconnectqatar.com/products/tecno-spark-40-5g-8gb-256gb-ink-black
Phone,Budget,Tecno,Spark 40 -Sky blue,256GB,iConnect Qatar,Online store,589,599,,Yes,,,,2026-09-26,,8GB,,,,,,https://iconnectqatar.com/products/tecno-spark-40-5g-8gb-256gb
Phone,Low End,Tecno,Spark 50,128GB,iConnect Qatar,Online store,469,499,,Yes,,,,2026-09-26,,4GB,,,,,,https://iconnectqatar.com/products/tecno-spark-50-qatar-4gb-128gb-ink-black
Phone,Budget,Tecno,Spark 50,256GB,iConnect Qatar,Online store,689,819,,Yes,,,,2026-09-26,,4GB,,,,,,https://iconnectqatar.com/products/tecno-spark-50-5g-4gb-256gb-champagne-gold
Phone,Budget,Tecno,Spark 50 - Aurora Purple,256GB,iConnect Qatar,Online store,599,699,,Yes,,,,2026-09-26,,4GB,,,,,,https://iconnectqatar.com/products/tecno-spark-50-4gb-256gb-aurora-purple
Phone,Budget,Tecno,Spark 50 - Dynamic orange,256GB,iConnect Qatar,Online store,599,699,,Yes,,,,2026-09-26,,4GB,,,,,,https://iconnectqatar.com/products/tecno-spark-50-4gb-256gb-dynamic-orange
Phone,Budget,Tecno,Spark 50 - Halo Blue,256GB,iConnect Qatar,Online store,599,699,,Yes,,,,2026-09-26,,4GB,,,,,,https://iconnectqatar.com/products/tecno-spark-50-4gb-256gb-halo-blue
Phone,Budget,Tecno,Spark 50 - Ink Black,256GB,iConnect Qatar,Online store,599,699,,Yes,,,,2026-09-26,,4GB,,,,,,https://iconnectqatar.com/products/tecno-spark-50-4gb-256gb-ink-black
Phone,Budget,Tecno,Spark 50 - Neo Titanium,256GB,iConnect Qatar,Online store,599,699,,Yes,,,,2026-09-26,,4GB,,,,,,https://iconnectqatar.com/products/tecno-spark-50-4gb-256gb-neo-titanium
Phone,Budget,Tecno,Spark 50C,128GB,iConnect Qatar,Online store,539,599,,Yes,,,,2026-09-26,,4GB,,,,,,https://iconnectqatar.com/products/tecno-spark-50c-4gb-128gb-burgundy-red
Phone,Low End,Tecno,Spark GO 2,128GB,iConnect Qatar,Online store,269,349,,No,,,,2026-09-26,,4GB,,,,,,https://iconnectqatar.com/products/tecno-spark-go-2-4gb-128gb-ink-black
Phone,Low End,Tecno,Spark GO3,128GB,iConnect Qatar,Online store,379,,,Yes,,,,2026-09-26,,4GB,,,,,,https://iconnectqatar.com/products/tecno-spark-go3-price-in-qatar-4gb-128gb-ink-black
Phone,Low End,Tecno,Spark GO3,64GB,iConnect Qatar,Online store,309,,,No,,,,2026-09-26,,4GB,,,,,,https://iconnectqatar.com/products/tecno-spark-go3-qatar-4gb-64gb-ink-black
Phone,Low End,Tecno,spark GO 1,128GB,iConnect Qatar,Online store,239,279,,No,,,,2026-09-26,,4GB,,,,,,https://iconnectqatar.com/products/tecno-spark-go-1-4gb-128gb-green
Phone,Low End,Tecno,spark GO 1,64GB,iConnect Qatar,Online store,215,299,,No,,,,2026-09-26,,3GB,,,,,,https://iconnectqatar.com/products/tecno-spark-go-1-3gb-64gb-glittery-white
Phone,Budget,Vivo,IQOO z10,256GB,iConnect Qatar,Online store,1129,1329,,No,,,,2026-09-26,,12GB,,,,,,https://iconnectqatar.com/products/vivo-iqoo-z10-qatar-5g-12gb-ram-256gb-black
Phone,Budget,Vivo,IQOO z10 - Silver,256GB,iConnect Qatar,Online store,1129,1329,,No,,,,2026-09-26,,12GB,,,,,,https://iconnectqatar.com/products/vivo-iqoo-z10-in-qatar-5g-12gb-ram-256gb-silver
Phone,Budget,Vivo,V25,128GB,iConnect Qatar,Online store,599,999,,No,,,,2026-09-26,,8GB,,,,,,https://iconnectqatar.com/products/vivo-v25-5g-8gb-128gb-black-in-qatar
Phone,Mid-Range,Vivo,V30,256GB,Digital Zone,Online store,1699,,,No,,,,2026-09-26,,12GB,,,,,,https://digitalzone.qa/products/vivo-v30-12gb-256gb-lush-green
Phone,Mid-Range,Vivo,V30,512GB,Digital Zone,Online store,1899,,,No,,,,2026-09-26,,12GB,,,,,,https://digitalzone.qa/products/vivo-v30-5g-12gb-512gb-lush-green
Phone,Mid-Range,Vivo,V30,512GB,iConnect Qatar,Online store,1299,1789,,No,,,,2026-09-26,,12GB,,,,,,https://iconnectqatar.com/products/vivo-v30-5g-12gb-512gb-classic-black
Phone,Budget,Vivo,V30 Lite,256GB,Digital Zone,Online store,1099,,,No,,,,2026-09-26,,12GB,,,,,,https://digitalzone.qa/products/vivo-v30-lite-5g-12gb-256gb-crystal-black
Phone,Mid-Range,Vivo,V50,256GB,iConnect Qatar,Online store,1489,1799,,Yes,,,,2026-09-26,,12GB,,,,,,https://iconnectqatar.com/products/vivo-v50-12gb-256gb-satin-black
Phone,Mid-Range,Vivo,V50,512GB,iConnect Qatar,Online store,1989,2199,,No,,,,2026-09-26,,12GB,,,,,,https://iconnectqatar.com/products/vivo-v50-5g-12gb-512gb-starry-night
Phone,Mid-Range,Vivo,V50 - Ancora Red,256GB,iConnect Qatar,Online store,1489,1799,,No,,,,2026-09-26,,12GB,,,,,,https://iconnectqatar.com/products/vivo-v50-5g-12gb-256gb-ancora-red
Phone,Budget,Vivo,V50 Lite,256GB,iConnect Qatar,Online store,949,1099,,No,,,,2026-09-26,,12GB,,,,,,https://iconnectqatar.com/products/vivo-v50-lite-5g-12gb-256gb-titanium-gold
Phone,Budget,Vivo,V60 Lite,256GB,iConnect Qatar,Online store,999,1299,,Yes,,,,2026-09-26,,12GB,,,,,,https://iconnectqatar.com/products/vivo-v60-lite-qatar-5g-12gb-256gb-blue
Phone,Mid-Range,Vivo,V60 Lite,512GB,iConnect Qatar,Online store,1299,1499,,No,,,,2026-09-26,,12GB,,,,,,https://iconnectqatar.com/products/vivo-v60-lite-price-in-qatar-5g-12gb-512gb-black
Phone,Mid-Range,Vivo,V70,256GB,iConnect Qatar,Online store,1769,1999,,Yes,,,,2026-09-26,,8GB,,,,,,https://iconnectqatar.com/products/vivo-v70-5g-8gb-256gb-vivo-buds-passion-red
Phone,Mid-Range,Vivo,V70,512GB,iConnect Qatar,Online store,2329,2599,,No,,,,2026-09-26,,12GB,,,,,,https://iconnectqatar.com/products/vivo-v70-qatar-5g-12gb-512gb-passion-red
Phone,Mid-Range,Vivo,V70 - Lemon Yellow,256GB,iConnect Qatar,Online store,2149,2499,,No,,,,2026-09-26,,12GB,,,,,,https://iconnectqatar.com/products/vivo-v70-5g-24gb-256gb-lemon-yellow
Phone,Mid-Range,Vivo,V70 - Sandalwood Brown,256GB,iConnect Qatar,Online store,2149,2499,,Yes,,,,2026-09-26,,12GB,,,,,,https://iconnectqatar.com/products/vivo-v70-5g-24gb-256gb-passion-red
Phone,Mid-Range,Vivo,V70 FE,256GB,iConnect Qatar,Online store,1329,1499,,Yes,,,,2026-09-26,,8GB,,,,,,https://iconnectqatar.com/products/vivo-v70-fe-5g-8gb-256gb-silver
Phone,Mid-Range,Vivo,V70 FE - Monsoon Blue,256GB,iConnect Qatar,Online store,1589,1699,,Yes,,,,2026-09-26,,12GB,,,,,,https://iconnectqatar.com/products/vivo-v70-fe-5g-12gb-256gb-monsoon-blue
Phone,Mid-Range,Vivo,X200 FE,512GB,iConnect Qatar,Online store,2259,2729,,No,,,,2026-09-26,,12GB,,,,,,https://iconnectqatar.com/products/vivo-x200-fe-5g-in-qatar-12gb-12gb-ram-512gb-amber-yellow
Phone,Flagship,Vivo,X300,512GB,iConnect Qatar,Online store,3599,3799,,Yes,,,,2026-09-26,,16GB,,,,,,https://iconnectqatar.com/products/vivo-x300-in-qatar-16gb-512gb-summit-red
Phone,Flagship,Vivo,X300 FE - Lilac Purple,256GB,iConnect Qatar,Online store,2699,3599,,No,,,,2026-09-26,,12GB,,,,,,https://iconnectqatar.com/products/vivo-x300-fe-price-in-qatar-5g-24gb-256gb-lilac-purple
Phone,Flagship,Vivo,X300 FE - Noir Black,256GB,iConnect Qatar,Online store,2699,3599,,Yes,,,,2026-09-26,,12GB,,,,,,https://iconnectqatar.com/products/vivo-x300-fe-price-in-qatar-5g-24gb-256gb-noir-black
Phone,Flagship,Vivo,X300 FE - Urban Olive,256GB,iConnect Qatar,Online store,2699,3599,,Yes,,,,2026-09-26,,12GB,,,,,,https://iconnectqatar.com/products/vivo-x300-fe-in-qatar-5g-24gb-256gb-urban-olive
Phone,Flagship,Vivo,X300 Pro,512GB,iConnect Qatar,Online store,3999,4799,,No,,,,2026-09-26,,16GB,,,,,,https://iconnectqatar.com/products/vivo-x300-pro-qatar-16gb-512gb-brown
Phone,Flagship,Vivo,X300 Ultra - Eclipse Black,512GB,iConnect Qatar,Online store,5849,6599,,No,,,,2026-09-26,,16GB,,,,,,https://iconnectqatar.com/products/vivo-x300-ultra-5g-16gb-512gb-eclipse-black
Phone,Flagship,Vivo,X300 Ultra - Victory Green,512GB,iConnect Qatar,Online store,5849,6599,,No,,,,2026-09-26,,16GB,,,,,,https://iconnectqatar.com/products/vivo-x300-ultra-5g-16gb-512gb-victory-green
Phone,Low End,Vivo,Y03,128GB,Digital Zone,Online store,399,,,No,,,,2026-09-26,,4GB,,,,,,https://digitalzone.qa/products/vivo-y03-4gb-128gb-space-black
Phone,Low End,Vivo,Y04,128GB,iConnect Qatar,Online store,379,409,,No,,,,2026-09-26,,4GB,,,,,,https://iconnectqatar.com/products/vivo-y04-4gb-128gb-titanium-gold
Phone,Low End,Vivo,Y04s,256GB,iConnect Qatar,Online store,459,599,,No,,,,2026-09-26,,6GB,,,,,,https://iconnectqatar.com/products/vivo-y04s-qatar-6gb-256gb-green
Phone,Budget,Vivo,Y05,128GB,iConnect Qatar,Online store,529,599,,Yes,,,,2026-09-26,,4GB,,,,,,https://iconnectqatar.com/products/vivo-y05-4gb-128gb-gold
Phone,Low End,Vivo,"Y05 6.74"" Display 6500mAh Battery",128GB,Digital Zone,Online store,499,,,Yes,,,,2026-09-26,,4GB,,,,,,https://digitalzone.qa/products/vivo-y05-4g-128gb-4gb-ram-gold-qatar
Phone,Low End,Vivo,Y05 NFC,128GB,iConnect Qatar,Online store,499,599,,Yes,,,,2026-09-26,,4GB,,,,,,https://iconnectqatar.com/products/vivo-y05-4g-nfc-4gb-128gb-black
Phone,Budget,Vivo,Y11,128GB,iConnect Qatar,Online store,719,999,,Yes,,,,2026-09-26,,4GB,,,,,,https://iconnectqatar.com/products/vivo-y11-5g-4gb-128gb-platinum
Phone,Budget,Vivo,"Y11 6.74"" Display 6500mAh Battery",128GB,Digital Zone,Online store,579,,,No,,,,2026-09-26,,4GB,,,,,,https://digitalzone.qa/products/vivo-y11-5g-128gb-4gb-ram-qatar
Phone,Low End,Vivo,Y16,128GB,iConnect Qatar,Online store,359,599,,No,,,,2026-09-26,,4GB,,,,,,https://iconnectqatar.com/products/vivo-y16-4gb-128gb-drizzling-gold
Phone,Budget,Vivo,Y18,128GB,Digital Zone,Online store,509,,,No,,,,2026-09-26,,6GB,,,,,,https://digitalzone.qa/products/vivo-y18-6gb-128gb-mocha-brown
Phone,Low End,Vivo,Y19s,128GB,iConnect Qatar,Online store,405,500,,No,,,,2026-09-26,,6GB,,,,,,https://iconnectqatar.com/products/vivo-y19s-6gb-128gb-blue
Phone,Budget,Vivo,Y21,256GB,iConnect Qatar,Online store,769,,,Yes,,,,2026-09-26,,4GB,,,,,,https://iconnectqatar.com/products/vivo-y21-5g-4gb-256gb-gold
Phone,Budget,Vivo,"Y21 6.74"" Display 6500mAh Battery",256GB,Digital Zone,Online store,779,,,Yes,,,,2026-09-26,,4GB,,,,,,https://digitalzone.qa/products/vivo-y21-5g-256gb-4gb-ram-smartphone
Phone,Low End,Vivo,Y27,128GB,iConnect Qatar,Online store,319,799,,No,,,,2026-09-26,,6GB,,,,,,https://iconnectqatar.com/products/vivo-y27-4g-4gb-64gb-burgundy-black
Phone,Budget,Vivo,Y27,256GB,Digital Zone,Online store,719,,,No,,,,2026-09-26,,8GB,,,,,,https://digitalzone.qa/products/vivo-y27-5g-8gb-256gb-mystic-black
Phone,Budget,Vivo,Y29S,128GB,iConnect Qatar,Online store,629,799,,No,,,,2026-09-26,,6GB,,,,,,https://iconnectqatar.com/products/vivo-y29s-5g-6gb-128gb-gold
Phone,Budget,Vivo,Y29T,256GB,iConnect Qatar,Online store,619,739,,No,,,,2026-09-26,,6GB,,,,,,https://iconnectqatar.com/products/vivo-y29t-5g-6gb-256gb-green
Phone,Budget,Vivo,Y31,256GB,iConnect Qatar,Online store,849,1099,,No,,,,2026-09-26,,8GB,,,,,,https://iconnectqatar.com/products/vivo-y31-qatar-5g-8gb-256gb-rose-red
Phone,Budget,Vivo,Y31s,128GB,iConnect Qatar,Online store,1029,1079,,Yes,,,,2026-09-26,,8GB,,,,,,https://iconnectqatar.com/products/vivo-y31s-5g-8gb-128gb-red
Phone,Budget,Vivo,Y31s,256GB,iConnect Qatar,Online store,1139,1599,,Yes,,,,2026-09-26,,8GB,,,,,,https://iconnectqatar.com/products/vivo-y31s-5g-8gb-256gb-white
Phone,Low End,Vivo,Y36,128GB,iConnect Qatar,Online store,349,699,,No,,,,2026-09-26,,8GB,,,,,,https://iconnectqatar.com/products/vivo-y36-5g-8gb-128gb-meteor-black
Phone,Low End,Vivo,Y36,256GB,iConnect Qatar,Online store,489,599,,No,,,,2026-09-26,,8GB,,,,,,https://iconnectqatar.com/products/vivo-y36-5g-8gb-256gb-meteor-black
Phone,Budget,Vivo,Y39,256GB,iConnect Qatar,Online store,669,809,,No,,,,2026-09-26,,8GB,,,,,,https://iconnectqatar.com/products/vivo-y39-5g-8gb-256gb-royal-purple
Phone,Flagship,Xiaomi,15,512GB,iConnect Qatar,Online store,3289,3589,,No,,,,2026-09-26,,12GB,,,,,,https://iconnectqatar.com/products/xiaomi-15-5g-12gb-512gb-green
Phone,Mid-Range,Xiaomi,15T,256GB,iConnect Qatar,Online store,1499,1749,,No,,,,2026-09-26,,12GB,,,,,,https://iconnectqatar.com/products/xiaomi-15t-price-in-qatar-5g-12gb-256gb-black
Phone,Mid-Range,Xiaomi,15T,512GB,iConnect Qatar,Online store,1619,1969,,No,,,,2026-09-26,,12GB,,,,,,https://iconnectqatar.com/products/xiaomi-15t-price-in-qatar-5g-12gb-512gb-rose-gold
Phone,Mid-Range,Xiaomi,15T - Rose Gold,256GB,iConnect Qatar,Online store,1499,1749,,No,,,,2026-09-26,,12GB,,,,,,https://iconnectqatar.com/products/xiaomi-15t-qatar-5g-12gb-256gb-rose-gold
Phone,Flagship,Xiaomi,15T Pro,1TB,iConnect Qatar,Online store,2599,2949,,No,,,,2026-09-26,,12GB,,,,,,https://iconnectqatar.com/products/xiaomi-15t-pro-qatar-5g-12gb-1tb-grey
Phone,Mid-Range,Xiaomi,15T Pro,512GB,iConnect Qatar,Online store,2399,2629,,No,,,,2026-09-26,,12GB,,,,,,https://iconnectqatar.com/products/xiaomi-15t-pro-price-in-qatar-5g-12gb-512gb-black
Phone,Mid-Range,Xiaomi,15T Pro - Grey,512GB,iConnect Qatar,Online store,2399,2629,,No,,,,2026-09-26,,12GB,,,,,,https://iconnectqatar.com/products/xiaomi-15t-pro-5g-12gb-512gb-grey
Phone,Mid-Range,Xiaomi,15T Pro - Mocha Gold,512GB,iConnect Qatar,Online store,2399,2629,,No,,,,2026-09-26,,12GB,,,,,,https://iconnectqatar.com/products/xiaomi-15t-pro-qatar-5g-12gb-512gb-mocha-gold
Phone,Mid-Range,Xiaomi,17T,256GB,iConnect Qatar,Online store,1949,2599,,Yes,,,,2026-09-26,,12GB,,,,,,https://iconnectqatar.com/products/xiaomi-17t-qatar-5g-12gb-256gb-black
Phone,Mid-Range,Xiaomi,17T,512GB,iConnect Qatar,Online store,2149,2599,,Yes,,,,2026-09-26,,12GB,,,,,,https://iconnectqatar.com/products/xiaomi-17t-in-qatar-5g-12gb-512gb-black
Phone,Mid-Range,Xiaomi,17T 6500mAh,256GB,Digital Zone,Online store,1999,,,Yes,,,,2026-09-26,,12GB,,,,,,https://digitalzone.qa/products/xiaomi-17t-5g-12gb-256gb-6500mah-smartphone-qatar
Phone,Mid-Range,Xiaomi,17T 6500mAh,512GB,Digital Zone,Online store,2199,,,Yes,,,,2026-09-26,,12GB,,,,,,https://digitalzone.qa/products/xiaomi-17t-5g-12gb-512gb-6500mah-smartphone-qatar
Phone,Flagship,Xiaomi,17T Pro,1TB,iConnect Qatar,Online store,2999,3599,,Yes,,,,2026-09-26,,12GB,,,,,,https://iconnectqatar.com/products/xiaomi-17t-pro-price-in-qatar-5g-12gb-1tb-deep-blue
Phone,Flagship,Xiaomi,17T Pro,512GB,iConnect Qatar,Online store,2699,3599,,Yes,,,,2026-09-26,,12GB,,,,,,https://iconnectqatar.com/products/xiaomi-17t-pro-in-qatar-5g-12gb-512gb-deep-blue
Phone,Flagship,Xiaomi,17T Pro 7000mAh With Leica-enhanced Triple-Camera System,512GB,Digital Zone,Online store,2999,,,Yes,,,,2026-09-26,,12GB,,,,,,https://digitalzone.qa/products/xiaomi-17t-pro-5g-12gb-512gb-7000mah-smartphone-qatar
Phone,Flagship,Xiaomi,17T Pro 7000mAh With Leica-enhanced triple-camera system,1TB,Digital Zone,Online store,3299,,,Yes,,,,2026-09-26,,12GB,,,,,,https://digitalzone.qa/products/xiaomi-17t-pro-5g-12gb-1tb-7000mah-smartphone-qatar
Phone,Budget,Xiaomi,Mi 11T,256GB,iConnect Qatar,Online store,659,729,,No,,,,2026-09-26,,8GB,,,,,,https://iconnectqatar.com/products/xiaomi-mi-11t-5g-8gb-256gb-a-meteorite-gray
Phone,Mid-Range,Xiaomi,POCO X7 Pro,512GB,iConnect Qatar,Online store,1389,1599,,Yes,,,,2026-09-26,,12GB,,,,,,https://iconnectqatar.com/products/xiaomi-poco-x7-pro-in-qatar-12gb-512gb-green
Phone,Mid-Range,Xiaomi,Poco F6,512GB,iConnect Qatar,Online store,1299,1499,,No,,,,2026-09-26,,12GB,,,,,,https://iconnectqatar.com/products/xiaomi-poco-f6-5g-12gb-512gb-green
Phone,Mid-Range,Xiaomi,Poco F8 Pro - Black,512GB,iConnect Qatar,Online store,2199,2699,,Yes,,,,2026-09-26,,12GB,,,,,,https://iconnectqatar.com/products/xiaomi-poco-f8-pro-qatar-5g-12gb-512gb-black
Phone,Mid-Range,Xiaomi,Poco F8 Pro - Blue,512GB,iConnect Qatar,Online store,2199,2699,,Yes,,,,2026-09-26,,12GB,,,,,,https://iconnectqatar.com/products/xiaomi-poco-f8-pro-5g-12gb-512gb-blue
Phone,Mid-Range,Xiaomi,Poco F8 Pro - Silver,512GB,iConnect Qatar,Online store,2199,2699,,Yes,,,,2026-09-26,,12GB,,,,,,https://iconnectqatar.com/products/xiaomi-poco-f8-pro-5g-12-512gb-silver
Phone,Budget,Xiaomi,Poco M6 Pro,512GB,Digital Zone,Online store,929,,,No,,,,2026-09-26,,12GB,,,,,,https://digitalzone.qa/products/poco-m6-pro-4g-12gb-512gb-black
Phone,Mid-Range,Xiaomi,Poco X6 Pro,512GB,Digital Zone,Online store,1399,,,No,,,,2026-09-26,,12GB,,,,,,https://digitalzone.qa/products/poco-x6-pro-5g-12gb-512gb-black
Phone,Mid-Range,Xiaomi,Poco X8 Pro,256GB,iConnect Qatar,Online store,1379,1499,,Yes,,,,2026-09-26,,8GB,,,,,,https://iconnectqatar.com/products/xiaomi-poco-x8-pro-5g-black
Phone,Mid-Range,Xiaomi,Poco X8 Pro - Mint Green,256GB,iConnect Qatar,Online store,1379,1499,,Yes,,,,2026-09-26,,8GB,,,,,,https://iconnectqatar.com/products/xiaomi-poco-x8-pro-5g-mint-green
Phone,Low End,Xiaomi,Redmi 12,128GB,iConnect Qatar,Online store,379,520,,No,,,,2026-09-26,,6GB,,,,,,https://iconnectqatar.com/products/xiaomi-redmi-12-5g-8gb-128gb-jade-black
Phone,Low End,Xiaomi,Redmi 12,256GB,iConnect Qatar,Online store,439,600,,No,,,,2026-09-26,,8GB,,,,,,https://iconnectqatar.com/products/xiaomi-redmi-12-5g-8gb-256gb-jade-black
Phone,Low End,Xiaomi,Redmi 13C,128GB,Digital Zone,Online store,329,,,No,,,,2026-09-26,,4GB,,,,,,https://digitalzone.qa/products/xiaomi-redmi-13c-4g-4gb-128gb-glacier-white
Phone,Low End,Xiaomi,Redmi 13C,128GB,iConnect Qatar,Online store,499,599,,Yes,,,,2026-09-26,,6GB,,,,,,https://iconnectqatar.com/products/redmi-13c-5g-6gb-128gb-starlight-black
Phone,Low End,Xiaomi,Redmi 13C,256GB,Digital Zone,Online store,429,,,No,,,,2026-09-26,,8GB,,,,,,https://digitalzone.qa/products/redmi-13c-4g-8gb-256gb-navy-blue
Phone,Low End,Xiaomi,Redmi 13R,128GB,iConnect Qatar,Online store,349,420,,No,,,,2026-09-26,,4GB,,,,,,https://iconnectqatar.com/products/redmi-13r-5g-4gb-128gb-purple
Phone,Low End,Xiaomi,Redmi 14C,128GB,Digital Zone,Online store,309,,,No,,,,2026-09-26,,4GB,,,,,,https://digitalzone.qa/products/xiaomi-redmi-14c-4gb-128gb-starry-blue-qatar
Phone,Low End,Xiaomi,Redmi 14C,128GB,iConnect Qatar,Online store,289,299,,No,,,,2026-09-26,,4GB,,,,,,https://iconnectqatar.com/products/xiaomi-redmi-14c-4gb-128gb-dreamy-purple
Phone,Low End,Xiaomi,Redmi 14C,256GB,Digital Zone,Online store,399,,,No,,,,2026-09-26,,8GB,,,,,,https://digitalzone.qa/products/xiaomi-redmi-14c-8gb-256gb-midnight-black
Phone,Low End,Xiaomi,Redmi 14C,256GB,iConnect Qatar,Online store,355,489,,No,,,,2026-09-26,,8GB,,,,,,https://iconnectqatar.com/products/xiaomi-redmi-14c-8gb-256gb-midnight-black
Phone,Low End,Xiaomi,Redmi 14C –Midnight Black,128GB,Digital Zone,Online store,309,,,No,,,,2026-09-26,,4GB,,,,,,https://digitalzone.qa/products/xiaomi-redmi-14c-4gb-128gb-midnight-black
Phone,Budget,Xiaomi,Redmi 15,256GB,Digital Zone,Online store,609,,,No,,,,2026-09-26,,8GB,,,,,,https://digitalzone.qa/products/xiaomi-redmi-15-5g-dual-sim-8gb-256gb-qatar
Phone,Budget,Xiaomi,Redmi 15,256GB,iConnect Qatar,Online store,709,,,No,,,,2026-09-26,,8GB,,,,,,https://iconnectqatar.com/products/redmi-15-5g-8gb-ram-256-gb-ripple-green
Phone,Budget,Xiaomi,Redmi 15 -Titan Gray,256GB,iConnect Qatar,Online store,709,,,No,,,,2026-09-26,,8GB,,,,,,https://iconnectqatar.com/products/redmi-15-5g-8gb-ram-256gb-titan-gray
Phone,Low End,Xiaomi,Redmi 15C,128GB,Digital Zone,Online store,349,,,No,,,,2026-09-26,,4GB,,,,,,https://digitalzone.qa/products/xiaomi-redmi-15c-4gb-128gb-qatar
Phone,Low End,Xiaomi,Redmi 15C,128GB,iConnect Qatar,Online store,449,499,,Yes,,,,2026-09-26,,4GB,,,,,,https://iconnectqatar.com/products/redmi-15c-4gb-128gb-midnight-black
Phone,Budget,Xiaomi,Redmi 15C,256GB,Digital Zone,Online store,509,,,No,,,,2026-09-26,,8GB,,,,,,https://digitalzone.qa/products/xiaomi-redmi-15c-8gb-256gb-qatar
Phone,Low End,Xiaomi,Redmi 15C,256GB,iConnect Qatar,Online store,489,499,,Yes,,,,2026-09-26,,4GB,,,,,,https://iconnectqatar.com/products/redmi-15c-4g-4gb-256gb-mint-green
Phone,Budget,Xiaomi,Redmi 15C - Dusk Purple,128GB,iConnect Qatar,Online store,539,,,Yes,,,,2026-09-26,,4GB,,,,,,https://iconnectqatar.com/products/redmi-15c-price-in-qatar-5g-4gb-128gb-dusk-purple
Phone,Low End,Xiaomi,Redmi 15C - Mint Green,128GB,iConnect Qatar,Online store,449,499,,No,,,,2026-09-26,,4GB,,,,,,https://iconnectqatar.com/products/redmi-15c-4gb-128gb-mint-green
Phone,Low End,Xiaomi,Redmi 15C - Twilight Orange,128GB,iConnect Qatar,Online store,449,499,,No,,,,2026-09-26,,4GB,,,,,,https://iconnectqatar.com/products/redmi-15c-4gb-128gb-twilight-orange
Phone,Low End,Xiaomi,"Redmi 15C 6.9"" Display 6000mAh Battery",256GB,Digital Zone,Online store,469,,,No,,,,2026-09-26,,4GB,,,,,,https://digitalzone.qa/products/xiaomi-redmi-15c-4g-4gb-256gb-6000mah-qatar
Phone,Budget,Xiaomi,Redmi 17,128GB,iConnect Qatar,Online store,589,699,,Yes,,,,2026-09-26,,4GB,,,,,,https://iconnectqatar.com/products/xiaomi-redmi-17-qatar-4gb-128gb-deep-blue
Phone,Budget,Xiaomi,Redmi 17,256GB,iConnect Qatar,Online store,689,799,,Yes,,,,2026-09-26,,4GB,,,,,,https://iconnectqatar.com/products/redmi-17-price-in-qatar-4gb-256gb-deep-blue
Phone,Budget,Xiaomi,Redmi 17 - Black,128GB,iConnect Qatar,Online store,679,779,,Yes,,,,2026-09-26,,4GB,,,,,,https://iconnectqatar.com/products/xiaomi-redmi-17-5g-4gb-128gb-redmi-buds-play-black
Phone,Budget,Xiaomi,Redmi 17 - Black,256GB,iConnect Qatar,Online store,779,899,,Yes,,,,2026-09-26,,4GB,,,,,,https://iconnectqatar.com/products/xiaomi-redmi-17-qatar-5g-4gb-256gb-black
Phone,Budget,Xiaomi,Redmi 17 - Blue,256GB,iConnect Qatar,Online store,779,899,,Yes,,,,2026-09-26,,4GB,,,,,,https://iconnectqatar.com/products/xiaomi-redmi-17-qatar-5g-4gb-256gb-blue
Phone,Budget,Xiaomi,Redmi 17 - Deep Blue,128GB,iConnect Qatar,Online store,679,779,,Yes,,,,2026-09-26,,4GB,,,,,,https://iconnectqatar.com/products/xiaomi-redmi-17-5g-4gb-128gb-redmi-buds-play-blue
Phone,Budget,Xiaomi,Redmi 17 - Lotus Purple,128GB,iConnect Qatar,Online store,589,699,,Yes,,,,2026-09-26,,4GB,,,,,,https://iconnectqatar.com/products/redmi-17-qatar-4gb-128gb-lotus-purple
Phone,Budget,Xiaomi,Redmi 17 - Oak Green,128GB,iConnect Qatar,Online store,589,699,,Yes,,,,2026-09-26,,4GB,,,,,,https://iconnectqatar.com/products/redmi-17-qatar-4gb-128gb-oak-green
Phone,Budget,Xiaomi,Redmi 17 - Orange,256GB,iConnect Qatar,Online store,779,899,,Yes,,,,2026-09-26,,4GB,,,,,,https://iconnectqatar.com/products/xiaomi-redmi-17-price-in-qatar-5g-4gb-256gb-orange
Phone,Budget,Xiaomi,Redmi 17 - Vivid Orange,128GB,iConnect Qatar,Online store,679,779,,Yes,,,,2026-09-26,,4GB,,,,,,https://iconnectqatar.com/products/xiaomi-redmi-17-5g-4gb-128gb-redmi-buds-play-black-copy
Phone,Low End,Xiaomi,Redmi 9A,64GB,iConnect Qatar,Online store,209,359,,No,,,,2026-09-26,,4GB,,,,,,https://iconnectqatar.com/products/xiaomi-redmi-9a-4gb-64gb-black
Phone,Low End,Xiaomi,Redmi A3,128GB,Digital Zone,Online store,289,,,No,,,,2026-09-26,,4GB,,,,,,https://digitalzone.qa/products/redmi-a3-4g-4gb-128gb-forest-green-en
Phone,Low End,Xiaomi,Redmi A3,128GB,iConnect Qatar,Online store,239,400,,No,,,,2026-09-26,,4GB,,,,,,https://iconnectqatar.com/products/xiaomi-redmi-a3-4gb-128gb-star-blue
Phone,Low End,Xiaomi,Redmi A3,64GB,Digital Zone,Online store,259,,,No,,,,2026-09-26,,3GB,,,,,,https://digitalzone.qa/products/xiaomi-redmi-a3-lte-3gb-64gb-forest-green
Phone,Low End,Xiaomi,Redmi A3,64GB,iConnect Qatar,Online store,219,350,,No,,,,2026-09-26,,3GB,,,,,,https://iconnectqatar.com/products/xiaomi-redmi-a3-3gb-64gb-midnight-black
Phone,Low End,Xiaomi,Redmi A5,128GB,iConnect Qatar,Online store,289,299,,No,,,,2026-09-26,,4GB,,,,,,https://iconnectqatar.com/products/xiaomi-redmi-a5-4gb-128gb-midnight-black
Phone,Low End,Xiaomi,Redmi A5,64GB,iConnect Qatar,Online store,349,399,,Yes,,,,2026-09-26,,3GB,,,,,,https://iconnectqatar.com/products/xiaomi-redmi-a5-3gb-64gb-sandy-gold-in-qatar
Phone,Low End,Xiaomi,Redmi A5 32MP Camera 5200mAh,128GB,Digital Zone,Online store,299,,,No,,,,2026-09-26,,4GB,,,,,,https://digitalzone.qa/products/xiaomi-redmi-a5-4g-3gb-ram-64-gb-rom-32mp-camera-5200mah-copy
Phone,Low End,Xiaomi,Redmi A5 32MP Camera 5200mAh,64GB,Digital Zone,Online store,249,,,No,,,,2026-09-26,,3GB,,,,,,https://digitalzone.qa/products/xiaomi-redmi-a5-4g-3gb-64gb-same-day-delivery-qatar
Phone,Low End,Xiaomi,Redmi A7,64GB,iConnect Qatar,Online store,359,459,,Yes,,,,2026-09-26,,3GB,,,,,,https://iconnectqatar.com/products/xiaomi-redmi-a7-price-in-qatar-3gb-64gb-black
Phone,Low End,Xiaomi,Redmi A7 Pro,128GB,iConnect Qatar,Online store,439,469,,Yes,,,,2026-09-26,,4GB,,,,,,https://iconnectqatar.com/products/xiaomi-redmi-a7-pro-4g-4gb-128gb-black
Phone,Low End,Xiaomi,Redmi A7 Pro,64GB,iConnect Qatar,Online store,369,429,,Yes,,,,2026-09-26,,4GB,,,,,,https://iconnectqatar.com/products/xiaomi-redmi-a7-pro-qatar-4gb-64gb-mist-blue
Phone,Low End,Xiaomi,"Redmi A7 Pro 6.9"" Display 6000mAh Battery",128GB,Digital Zone,Online store,399,,,No,,,,2026-09-26,,4GB,,,,,,https://digitalzone.qa/products/xiaomi-redmi-a7-pro-4g-4gb-128gb-black-qatar
Phone,Budget,Xiaomi,Redmi Note 13,256GB,Digital Zone,Online store,749,,,No,,,,2026-09-26,,8GB,,,,,,https://digitalzone.qa/products/redmi-note-13-4g-8gb-256gb-mint-green
Phone,Budget,Xiaomi,Redmi Note 13,256GB,iConnect Qatar,Online store,609,750,,No,,,,2026-09-26,,8GB,,,,,,https://iconnectqatar.com/products/xiaomi-redmi-note-13-5g-8gb-256gb-graphite-black
Phone,Budget,Xiaomi,Redmi Note 13 Pro,512GB,Digital Zone,Online store,1099,,,No,,,,2026-09-26,,12GB,,,,,,https://digitalzone.qa/products/xiaomi-redmi-note-13-pro-5g-12gb-512gb-forest-green
Phone,Budget,Xiaomi,Redmi Note 13 Pro,512GB,iConnect Qatar,Online store,869,1299,,No,,,,2026-09-26,,12GB,,,,,,https://iconnectqatar.com/products/xiaomi-redmi-note-13-pro-512gb-in-qatar
Phone,Budget,Xiaomi,Redmi Note 13 Pro Plus,256GB,iConnect Qatar,Online store,949,1039,,No,,,,2026-09-26,,8GB,,,,,,https://iconnectqatar.com/products/xiaomi-redmi-note-13-pro-plus-5g-8gb-256gb-fusion-white
Phone,Mid-Range,Xiaomi,Redmi Note 13 Pro Plus,512GB,Digital Zone,Online store,1599,,,No,,,,2026-09-26,,12GB,,,,,,https://digitalzone.qa/products/redmi-note-13-pro-5g-12gb-ram-512gb-midnight-black
Phone,Budget,Xiaomi,Redmi Note 13R Pro,256GB,iConnect Qatar,Online store,599,699,,No,,,,2026-09-26,,12GB,,,,,,https://iconnectqatar.com/products/xiaomi-redmi-note-13r-pro-5g-12gb-256gb-blue
Phone,Budget,Xiaomi,Redmi Note 14,256GB,iConnect Qatar,Online store,559,650,,No,,,,2026-09-26,,8GB,,,,,,https://iconnectqatar.com/products/xiaomi-redmi-note-14-4g-8gb-256gb-redmi-buds-6-play-ocean-blue
Phone,Budget,Xiaomi,Redmi Note 14 Pro,256GB,Digital Zone,Online store,999,,,No,,,,2026-09-26,,8GB,,,,,,https://digitalzone.qa/products/redmi-note-14-pro-5g-8gb-256gb-midnight-black-qatar
Phone,Budget,Xiaomi,Redmi Note 14 Pro,256GB,iConnect Qatar,Online store,869,1200,,No,,,,2026-09-26,,8GB,,,,,,https://iconnectqatar.com/products/xiaomi-redmi-note-14-pro-5g-8gb-256gb-midnight-black
Phone,Mid-Range,Xiaomi,Redmi Note 14 Pro,512GB,Digital Zone,Online store,1299,,,Yes,,,,2026-09-26,,12GB,,,,,,https://digitalzone.qa/products/xiaomi-redmi-note-14-pro-plus-5g-qatar
Phone,Budget,Xiaomi,Redmi Note 14 Pro,512GB,iConnect Qatar,Online store,989,1300,,No,,,,2026-09-26,,12GB,,,,,,https://iconnectqatar.com/products/xiaomi-redmi-note-14-pro-5g-12gb-512gb-midnight-black
Phone,Budget,Xiaomi,Redmi Note 14 Pro - Coral Green,256GB,iConnect Qatar,Online store,869,1200,,No,,,,2026-09-26,,8GB,,,,,,https://iconnectqatar.com/products/xiaomi-redmi-note-14-pro-5g-8gb-256gb-coral-green
Phone,Budget,Xiaomi,Redmi Note 14 Pro Plus,512GB,iConnect Qatar,Online store,1199,1600,,No,,,,2026-09-26,,12GB,,,,,,https://iconnectqatar.com/products/xiaomi-redmi-note-14-pro-plus-5g-12gb-512gb-frost-blue
Phone,Budget,Xiaomi,Redmi Note 14 Pro Plus - Lavender Purple,512GB,iConnect Qatar,Online store,1199,1600,,No,,,,2026-09-26,,12GB,,,,,,https://iconnectqatar.com/products/xiaomi-redmi-note-14-pro-plus-5g-12gb-512gb-lavender-purple
Phone,Budget,Xiaomi,Redmi Note 14 Pro Plus -Titan Black,512GB,iConnect Qatar,Online store,1199,1600,,No,,,,2026-09-26,,12GB,,,,,,https://iconnectqatar.com/products/xiaomi-redmi-note-14-pro-plus-5g-12gb-512gb-midnight-black
Phone,Budget,Xiaomi,Redmi Note 15,256GB,iConnect Qatar,Online store,849,1099,,Yes,,,,2026-09-26,,8GB,,,,,,https://iconnectqatar.com/products/redmi-note-15-5g-8gb-256gb
Phone,Budget,Xiaomi,Redmi Note 15 Pro,256GB,iConnect Qatar,Online store,1019,1599,,Yes,,,,2026-09-26,,8GB,,,,,,https://iconnectqatar.com/products/xiaomi-redmi-note-15-pro-5g-8gb-256gb-titanium
Phone,Mid-Range,Xiaomi,Redmi Note 15 Pro Plus,512GB,iConnect Qatar,Online store,1449,2099,,Yes,,,,2026-09-26,,12GB,,,,,,https://iconnectqatar.com/products/xiaomi-redmi-note-15-pro-plus-5g-12gb-512gb-glacier-blue
Speaker,Flagship,Bose,Bass Module 700- Black,,iConnect Qatar,Online store,3349,3399,,Yes,,,,2026-09-26,,,,,,,,https://iconnectqatar.com/products/bose-bass-module-700-black
Speaker,Flagship,Bose,Smart Soundbar Ultra,,iConnect Qatar,Online store,4339,4399,,Yes,,,,2026-09-26,,,,,,,,https://iconnectqatar.com/products/bose-smart-soundbar-ultra-black
Speaker,Budget,Bose,SoundLink Flex II Portable Bluetooth Speaker,,iConnect Qatar,Online store,619,629,,Yes,,,,2026-09-26,,,,,,,,https://iconnectqatar.com/products/bose-soundlink-flex-ii-portable-bluetooth-speaker-twilight
Speaker,Budget,Bose,SoundLink Flex Portable Speaker,,iConnect Qatar,Online store,619,629,,Yes,,,,2026-09-26,,,,,,,,https://iconnectqatar.com/products/bose-soundlink-flex-portable-speaker2nd-gen-fog-grey
Speaker,Budget,Bose,SoundLink Flex Portable Speaker - Alpine Sage,,iConnect Qatar,Online store,619,629,,Yes,,,,2026-09-26,,,,,,,,https://iconnectqatar.com/products/bose-soundlink-flex-portable-speaker-2nd-gen-standstone-1
Speaker,Mid-Range,Bose,SoundLink Max Portable Bluetooth Speaker,,iConnect Qatar,Online store,1199,1469,,No,,,,2026-09-26,,,,,,,,https://iconnectqatar.com/products/bose-soundlink-max-portable-bluetooth-speaker-qatar
Speaker,Mid-Range,Bose,Soundlink Home Bluetooth Speaker 5V,,iConnect Qatar,Online store,929,949,,Yes,,,,2026-09-26,,,,,,,,https://iconnectqatar.com/products/bose-soundlink-home-bluetooth-speaker-5v-wood
Speaker,Mid-Range,Bose,Soundlink Max Portable Speaker- Blue Dusk,,iConnect Qatar,Online store,1579,1599,,Yes,,,,2026-09-26,,,,,,,,https://iconnectqatar.com/products/bose-soundlink-max-portable-speaker-blue-dusk
Speaker,Mid-Range,Bose,Soundlink Max Portable Speaker- Bose Black,,iConnect Qatar,Online store,1579,1599,,Yes,,,,2026-09-26,,,,,,,,https://iconnectqatar.com/products/bose-soundlink-max-portable-speaker-bose-black
Speaker,Mid-Range,Bose,Soundlink Max Portable Speaker- Citrus yellow,,iConnect Qatar,Online store,1579,1599,,Yes,,,,2026-09-26,,,,,,,,https://iconnectqatar.com/products/bose-soundlink-max-portable-speaker-citrus-yellow
Speaker,Budget,Bose,Soundlink Micro Portable Speaker,,iConnect Qatar,Online store,489,499,,Yes,,,,2026-09-26,,,,,,,,https://iconnectqatar.com/products/bose-soundlink-micro-portable-speaker-2nd-gen-blue-dusk
Speaker,Mid-Range,Bose,Soundlink Plus Bluetooth Wireless Speaker,,iConnect Qatar,Online store,1079,1099,,Yes,,,,2026-09-26,,,,,,,,https://iconnectqatar.com/products/bose-soundlink-plus-bluetooth-wireless-speaker-citrus-yellow
Speaker,Mid-Range,JBL,Boombox 3,,iConnect Qatar,Online store,1199,1649,,Yes,,,,2026-09-26,,,,,,,,https://iconnectqatar.com/products/jbl-boombox-3-qatar
Speaker,Mid-Range,JBL,Boombox 3 Portable Speaker,,iConnect Qatar,Online store,1199,1649,,Yes,,,,2026-09-26,,,,,,,,https://iconnectqatar.com/products/jbl-boombox-3-price-in-qatar-squad
Speaker,Mid-Range,JBL,Boombox 3 Portable Speaker With WiFi,,iConnect Qatar,Online store,1799,2499,,Yes,,,,2026-09-26,,,,,,,,https://iconnectqatar.com/products/jbl-boombox-3-wifi-qatar-black
Speaker,Mid-Range,JBL,Boombox 4,,iConnect Qatar,Online store,1699,1999,,Yes,,,,2026-09-26,,,,,,,,https://iconnectqatar.com/products/jbl-boombox-4-price-in-qatar-black
Speaker,Budget,JBL,Charge 5 Waterproof Portable Bluetooth Speaker,,iConnect Qatar,Online store,369,469,,Yes,,,,2026-09-26,,,,,,,,https://iconnectqatar.com/products/jbl-charge-5-waterproof-portable-bluetooth-speaker-squad
Speaker,Budget,JBL,Charge 6 Portable Bluetooth Speaker,,iConnect Qatar,Online store,429,529,,Yes,,,,2026-09-26,,,,,,,,https://iconnectqatar.com/products/jbl-charge-6-portable-bluetooth-speaker-black
Speaker,Low End,JBL,Clip 5 Portable Wireless Speaker,,iConnect Qatar,Online store,139,239,,Yes,,,,2026-09-26,,,,,,,,https://iconnectqatar.com/products/jbl-clip-5-portable-wireless-speaker-black
Speaker,Low End,JBL,Flip 6 Waterproof Portable Bluetooth Speaker,,iConnect Qatar,Online store,279,399,,No,,,,2026-09-26,,,,,,,,https://iconnectqatar.com/products/jbl-flip-6-waterproof-portable-bluetooth-speaker-green
Speaker,Budget,JBL,Flip 7 Portable Bluetooth Speaker,,iConnect Qatar,Online store,339,499,,Yes,,,,2026-09-26,,,,,,,,https://iconnectqatar.com/products/jbl-flip-7-portable-bluetooth-speaker-red
Speaker,Low End,JBL,Flip Essential 2 Portable Waterproof Speaker,,iConnect Qatar,Online store,279,399,,No,,,,2026-09-26,,,,,,,,https://iconnectqatar.com/products/jbl-flip-essential-2-portable-waterproof-speaker-grey
Speaker,Low End,JBL,Go 5 Portable Waterproof & Drop-Proof Speaker,,iConnect Qatar,Online store,139,269,,Yes,,,,2026-09-26,,,,,,,,https://iconnectqatar.com/products/jbl-go-5-portable-waterproof-drop-proof-speaker-squad
Speaker,Budget,JBL,Horizon 3 Bluetooth Clock Radio Speaker With DAB DAB FM,,iConnect Qatar,Online store,589,649,,No,,,,2026-09-26,,,,,,,,https://iconnectqatar.com/products/jbl-horizon-3-bluetooth-clock-radio-speaker-qatar-black
Speaker,Mid-Range,JBL,Party Box On-The-Go Essential,,iConnect Qatar,Online store,949,1299,,Yes,,,,2026-09-26,,,,,,,,https://iconnectqatar.com/products/jbl-partybox-on-the-go-black-qatar
Speaker,Flagship,JBL,PartyBox 1000 Powerful Bluetooth Party Speaker with Full Panel Light Effects,,iConnect Qatar,Online store,3799,4999,,No,,,,2026-09-26,,,,,,,,https://iconnectqatar.com/products/jbl-partybox-1000-powerful-bluetooth-party-speaker-with-full-panel-light-effects-black
Speaker,Mid-Range,JBL,PartyBox Encore 2 with Dual Mic,,iConnect Qatar,Online store,1199,1779,,No,,,,2026-09-26,,,,,,,,https://iconnectqatar.com/products/jbl-partybox-encore-2-with-dual-mic
Speaker,Mid-Range,JBL,PartyBox Encore 2 with Single Mic,,iConnect Qatar,Online store,1399,1639,,Yes,,,,2026-09-26,,,,,,,,https://iconnectqatar.com/products/jbl-partybox-encore-2-in-qatar
Speaker,Flagship,JBL,PartyBox Ultimate 1100W,,iConnect Qatar,Online store,3699,4999,,Yes,,,,2026-09-26,,,,,,,,https://iconnectqatar.com/products/jbl-partybox-ultimate-qatar
Speaker,Mid-Range,JBL,Partybox 110,,iConnect Qatar,Online store,899,1199,,No,,,,2026-09-26,,,,,,,,https://iconnectqatar.com/products/jbl-party-box-110
Speaker,Mid-Range,JBL,Partybox 120,,iConnect Qatar,Online store,1119,1399,,Yes,,,,2026-09-26,,,,,,,,https://iconnectqatar.com/products/jbl-party-box-120-iconnect-qatar
Speaker,Mid-Range,JBL,Partybox 130,,iConnect Qatar,Online store,1309,1899,,Yes,,,,2026-09-26,,,,,,,,https://iconnectqatar.com/products/jbl-party-box-130-price-in-qatar
Speaker,Mid-Range,JBL,Partybox 310 Portable Bluetooth Speaker,,iConnect Qatar,Online store,1499,1899,,No,,,,2026-09-26,,,,,,,,https://iconnectqatar.com/products/jbl-party-box-310-portable-bluetooth-speaker
Speaker,Flagship,JBL,Partybox 520,,iConnect Qatar,Online store,2199,2799,,Yes,,,,2026-09-26,,,,,,,,https://iconnectqatar.com/products/jbl-partybox-520-qatar
Speaker,Flagship,JBL,Partybox 710,,iConnect Qatar,Online store,3099,3999,,No,,,,2026-09-26,,,,,,,,https://iconnectqatar.com/products/jbl-party-box-710-in-qatar
Speaker,Flagship,JBL,Partybox 720 BT Speaker,,iConnect Qatar,Online store,2899,3299,,Yes,,,,2026-09-26,,,,,,,,https://iconnectqatar.com/products/jbl-partybox-720-price-in-qatar-bt-speaker
Speaker,Flagship,JBL,Partybox 720 With Battery,,iConnect Qatar,Online store,3199,3599,,Yes,,,,2026-09-26,,,,,,,,https://iconnectqatar.com/products/jbl-partybox-720
Speaker,Budget,JBL,Partybox Encore Essential,,iConnect Qatar,Online store,709,1249,,Yes,,,,2026-09-26,,,,,,,,https://iconnectqatar.com/products/jbl-partybox-encore-essential-in-qatar
Speaker,Mid-Range,JBL,Partybox Encore Portable party speaker with 100W powerful sound mic,,iConnect Qatar,Online store,1229,1499,,No,,,,2026-09-26,,,,,,,,https://iconnectqatar.com/products/jbl-partybox-encore-portable-party-speaker-with-100w-powerful-sound-mic
Speaker,Mid-Range,JBL,Partybox Stage 320,,iConnect Qatar,Online store,1899,2149,,Yes,,,,2026-09-26,,,,,,,,https://iconnectqatar.com/products/jbl-party-box-stage-320-price-in-qatar
Speaker,Budget,JBL,Pulse 5,,iConnect Qatar,Online store,499,1299,,No,,,,2026-09-26,,,,,,,,https://iconnectqatar.com/products/jbl-pulse-5-in-qatar
Speaker,Budget,JBL,Xtreme 4 Portable Wireless Speaker,,iConnect Qatar,Online store,749,1199,,Yes,,,,2026-09-26,,,,,,,,https://iconnectqatar.com/products/jbl-xtreme-4-portable-wireless-speaker
Speaker,Mid-Range,JBL,Xtreme 5 Portable Waterproof Speaker,,iConnect Qatar,Online store,1049,1349,,Yes,,,,2026-09-26,,,,,,,,https://iconnectqatar.com/products/jbl-xtreme-5-portable-waterproof-speaker-squad
Speaker,Budget,JBL,charge 6,,iConnect Qatar,Online store,429,529,,No,,,,2026-09-26,,,,,,,,https://iconnectqatar.com/products/jbl-charge-6-purple
Speaker,Mid-Range,JBL,partybox on the GO 2 portable party Speaker,,iConnect Qatar,Online store,1219,1499,,Yes,,,,2026-09-26,,,,,,,,https://iconnectqatar.com/products/jbl-partybox-on-the-go-2-portable-party-speaker-black
Speaker,Budget,Marshall,Emberton II Outdoor Speaker,,TechBay Qatar,Online store,699,,,No,,,,2026-09-26,,,,,,,,https://techbayqatar.com/products/marshall-emberton-ii-outdoor-speaker-black
Speaker,Budget,Marshall,Emberton II Portable Bluetooth Speaker,,TechBay Qatar,Online store,699,,,No,,,,2026-09-26,,,,,,,,https://techbayqatar.com/products/marshall-emberton-ii-portable-wireless-speaker
Speaker,Mid-Range,Marshall,Kilburn II Portable Bluetooth Speaker,,TechBay Qatar,Online store,1219,,,No,,,,2026-09-26,,,,,,,,https://techbayqatar.com/products/marshall-kilburn-ii-portable-bluetooth-speaker-black-and-brass
Speaker,Mid-Range,Marshall,Kilburn II Portable Speaker Black,,TechBay Qatar,Online store,1299,,,No,,,,2026-09-26,,,,,,,,https://techbayqatar.com/products/marshall-kilburn-ii-portable-speaker
Speaker,Mid-Range,Marshall,Middleton Bluetooth Speaker,,TechBay Qatar,Online store,1399,,,No,,,,2026-09-26,,,,,,,,https://techbayqatar.com/products/marshall-middleton-bluetooth-speaker-cream
Speaker,Mid-Range,Marshall,Stanmore II Black Bluetooth Speaker,,TechBay Qatar,Online store,1459,,,No,,,,2026-09-26,,,,,,,,https://techbayqatar.com/products/marshall-stanmore-ii-black-bluetooth-speaker
Speaker,Mid-Range,Marshall,Stanmore III Bluetooth Speaker,,TechBay Qatar,Online store,1599,,,No,,,,2026-09-26,,,,,,,,https://techbayqatar.com/products/marshall-stanmore-bluetooth-iii-speaker-black
Speaker,Mid-Range,Marshall,Tufton Portable Bluetooth Speaker,,TechBay Qatar,Online store,1999,,,No,,,,2026-09-26,,,,,,,,https://techbayqatar.com/products/marshall-tufton-portable-bluetooth-speaker-80w-20-hours-bluetooth-5-0-black-and-brass
Speaker,Budget,Marshall,Willen Speaker,,TechBay Qatar,Online store,599,,,No,,,,2026-09-26,,,,,,,,https://techbayqatar.com/products/marshall-willen-speaker-black-brass
Speaker,Flagship,Marshall,Woburn II Wireless Bluetooth Speaker,,TechBay Qatar,Online store,2199,,,No,,,,2026-09-26,,,,,,,,https://techbayqatar.com/products/marshall-woburn-ii-wireless-bluetooth-speaker-black
Speaker,Flagship,Marshall,Woburn III Wireless Bluetooth Speaker,,TechBay Qatar,Online store,2299,,,No,,,,2026-09-26,,,,,,,,https://techbayqatar.com/products/marshall-wireless-bluetooth-speaker-cream-woburn-iii
Speaker,Flagship,Sonos,AMP,,Chordz,Online store,3399,,,No,,,,2026-09-26,,,,,,,,https://chordz.shop/products/sonos-amp
Speaker,Flagship,Sonos,ARC,,Chordz,Online store,4399,,,No,,,,2026-09-26,,,,,,,,https://chordz.shop/products/sonos-arc
Speaker,Mid-Range,Sonos,Adventure Set,,Chordz,Online store,1528,1698,,Yes,,,,2026-09-26,,,,,,,,https://chordz.shop/products/adventure-set
Speaker,Flagship,Sonos,Arc Ultra Premium Bluetooth Soundbar,,Chordz,Online store,5199,,,Yes,,,,2026-09-26,,,,,,,,https://chordz.shop/products/arc-ultra
Speaker,Flagship,Sonos,Beam,,Chordz,Online store,2199,,,Yes,,,,2026-09-26,,,,,,,,https://chordz.shop/products/sonos-beam
Speaker,Flagship,Sonos,Entertainment Set with Beam,,Chordz,Online store,3958,4398,,Yes,,,,2026-09-26,,,,,,,,https://chordz.shop/products/entertainment-set-with-beam
Speaker,Mid-Range,Sonos,Era 100,,Chordz,Online store,1099,,,Yes,,,,2026-09-26,,,,,,,,https://chordz.shop/products/sonos-era-100
Speaker,Mid-Range,Sonos,Era 100 SL,,Chordz,Online store,990,,,Yes,,,,2026-09-26,,,,,,,,https://chordz.shop/products/era-100-sl
Speaker,Flagship,Sonos,Era 300,,Chordz,Online store,2199,,,Yes,,,,2026-09-26,,,,,,,,https://chordz.shop/products/sonos-era-300
Speaker,Flagship,Sonos,Five,,Chordz,Online store,2139,2599,,No,,,,2026-09-26,,,,,,,,https://chordz.shop/products/sonos-five
Speaker,Flagship,Sonos,Harmony Duo Bundle,,Chordz,Online store,3958,4398,,Yes,,,,2026-09-26,,,,,,,,https://chordz.shop/products/harmony-duo-bundle
Speaker,Flagship,Sonos,Immersive Set with Beam,,Chordz,Online store,5936,6596,,Yes,,,,2026-09-26,,,,,,,,https://chordz.shop/products/immersive-set-with-beam
Speaker,Flagship,Sonos,In-Ceiling Speakers by Sonos and Sonance,,Chordz,Online store,3999,,,No,,,,2026-09-26,,,,,,,,https://chordz.shop/products/in-ceiling-speakers-by-sonos-and-sonance-pair
Speaker,Flagship,Sonos,Move 2,,Chordz,Online store,2199,,,Yes,,,,2026-09-26,,,,,,,,https://chordz.shop/products/sonos-move-2
Speaker,Flagship,Sonos,Outdoor by Sonance,,Chordz,Online store,4099,,,Yes,,,,2026-09-26,,,,,,,,https://chordz.shop/products/sonos-outdoor-by-sonance-pair
Speaker,Flagship,Sonos,PORT,,Chordz,Online store,2299,,,No,,,,2026-09-26,,,,,,,,https://chordz.shop/products/sonos-port
Speaker,Flagship,Sonos,Personal Entertainment Set with Arc Ultra,,Chordz,Online store,6433,7148,,Yes,,,,2026-09-26,,,,,,,,https://chordz.shop/products/personal-entertainment-set-with-arc-ultra
Speaker,Mid-Range,Sonos,Play,,Chordz,Online store,1599,,,Yes,,,,2026-09-26,,,,,,,,https://chordz.shop/products/sonos-play
Speaker,Flagship,Sonos,Portable Set,,Chordz,Online store,2743,3048,,Yes,,,,2026-09-26,,,,,,,,https://chordz.shop/products/portable-set
Speaker,Flagship,Sonos,Premium Entertainment Set with Arc Ultra,,Chordz,Online store,8549,9498,,Yes,,,,2026-09-26,,,,,,,,https://chordz.shop/products/premium-entertainment-set-with-arc-ultra
Speaker,Flagship,Sonos,Premium Immersive Set With Arc Ultra,,Chordz,Online store,10529,11699,,Yes,,,,2026-09-26,,,,,,,,https://chordz.shop/products/premium-immersive-set-with-arc
Speaker,Flagship,Sonos,Premium Immersive Set with Beam,,Chordz,Online store,7826,8696,,Yes,,,,2026-09-26,,,,,,,,https://chordz.shop/products/premium-immersive-set-with-beam
Speaker,Flagship,Sonos,Premium Personal Entertainment Set with Arc Ultra,,Chordz,Online store,14171,15745,,Yes,,,,2026-09-26,,,,,,,,https://chordz.shop/products/premium-personal-entertainment-set-with-arc-ultra
Speaker,Mid-Range,Sonos,Roam 2,,Chordz,Online store,849,,,Yes,,,,2026-09-26,,,,,,,,https://chordz.shop/products/sonos-roam-2
Speaker,Flagship,Sonos,Room Set with Arc Ultra,,Chordz,Online store,6658,7398,,Yes,,,,2026-09-26,,,,,,,,https://chordz.shop/products/room-set-with-arc-ultra
Speaker,Flagship,Sonos,SUB Gen 4,,Chordz,Online store,4299,,,Yes,,,,2026-09-26,,,,,,,,https://chordz.shop/products/sonos-sub-gen-4
Speaker,Mid-Range,Sonos,Stands for One & One SL,,Chordz,Online store,990,,,No,,,,2026-09-26,,,,,,,,https://chordz.shop/products/sonos-stands-for-one-one-sl
Speaker,Flagship,Sonos,Sub Mini,,Chordz,Online store,2199,,,Yes,,,,2026-09-26,,,,,,,,https://chordz.shop/products/sonos-sub-mini
Speaker,Flagship,Sonos,Ultimate Immersive Set with Arc Ultra,,Chordz,Online store,12506,13896,,Yes,,,,2026-09-26,,,,,,,,https://chordz.shop/products/ultimate-immersive-set-with-arc
